text,product,quantity,price,total_price
ORDER CHOCOLATE CINCAU HOT 1 AJA PCS HARGA RP 19500,chocolate cincau hot,1,19500,19500
WKWK LIMA PORXI CARAMEL CHOCOLATE  M BERAPA KAK?,caramel chocolate  m,5,4000,20000
nitip toping nugget ya 4 aja harga 30500 rb,toping nugget,4,30500,122000
"MILK TEA COKLAT 1 YA KAK, HARGA RP26000",milk tea coklat,1,26000,26000
fyi kak ada teriyaki gyudon  es lemon? mau 1 porsi harga 7k,teriyaki gyudon  es lemon,1,7000,7000
pesan ifu mie sapi lada hitam 3 rp16500,ifu mie sapi lada hitam,3,16500,49500
WKWK BELI NASI AYAM MERCON DULU 2 PORCY RP46500,nasi ayam mercon,2,46500,93000
Beli 2 blueberry yoghurt 22 ribu,blueberry yoghurt,2,22000,44000
"Mau sepuluh panas special spicy medium, 11000 rb kan?",panas special spicy medium,10,11000,110000
lima porsi raspberry tea aja kak harga rp 25000,raspberry tea,5,25000,125000
BTW TOLONG PESANIN SEPULUH EGG PUDDING DONG RP40000,egg pudding,10,40000,400000
"BTW PESEN 10 PORSI CHURROS TOPPING ICE CREAM KAK, TOTAL 500K",churros topping ice cream,10,50000,500000
Ygy lima kekean aja kak harga rp34000,kekean,5,34000,170000
"PESEN SEPORSI TEH THAILAND KAK, TOTAL 22500",teh thailand,1,22500,22500
halo kak mau beli 2 makan berdua ox tongue dabu harganya rp17000,makan berdua ox tongue dabu,2,17000,34000
LIMA SENSOJI BERAPA KAK?,sensoji,5,18500,92500
Fyi sepuluh hainan rice barbeque chicken aja kak harga 27k,hainan rice barbeque chicken,10,27500,275000
kak minta 2 biji ubi thailand ya hrga 16000,ubi thailand,2,16000,32000
Fyi pesan indomie jumbo sebanyak tiga porsi harga harga 15k,indomie jumbo,3,15500,46500
KAK MINTA EMPAT NASI AYAM GORENG ABANG YA HARGA 31500,nasi ayam goreng abang,4,31500,126000
MAU DNGG DUA JUICE SEMANGKA HARGA HARGANYA 36000,juice semangka,2,36000,72000
Sih beli 1 truffle sirloin pesto parmesan harga 43k,truffle sirloin pesto parmesan,1,43500,43500
pesan passion mojito satu 26000,passion mojito,1,26000,26000
BISA GAK ORDER 10 PORSI UDANG SALAD BUAH S HRGA RP. 33000,udang salad buah s,10,33000,330000
FYI NITIP BOBOR YA SEPORSI AJA HRG HARGA 32K,bobor,1,32500,32500
NIH KAK ADA IKAN SEMBILANG BAKARGORENG? MAU 4 RP 38000,ikan sembilang bakargoreng,4,38000,152000
tolong peesnin 10 porsi hazelnut chocolate iced dong rp 22000,hazelnut chocolate iced,10,22000,220000
5 SAMBELAN AMPLA ATI AJA KAK HARGA HARGA 6K,sambelan ampla ati,5,6500,32500
bisa gak order 3 porsi japanese sakura sencha harga harganya 12000,japanese sakura sencha,3,12000,36000
"pesen 3 udang gala panggang keju m kak, total rp31500",udang gala panggang keju m,3,10500,31500
btw pesan kori konyaku lhycee lima 47k,kori konyaku lhycee,5,47500,237500
Psean puding cup pandan 3 2k,puding cup pandan,3,2000,6000
kak minta 1 avokado cofe ya harga rp. 46000,avokado cofe,1,46000,46000
1 BIJI COMBO DUO CHICKEN BERAPA KAK?,combo duo chicken,1,25000,25000
nitip nasi ayam crispy teriyaki ya lima porsi aja harga rp. 41500,nasi ayam crispy teriyaki,5,41500,207500
nitip mie raja ulang tahun m ya 4 porsi aja harga rp 49000,mie raja ulang tahun m,4,49000,196000
FYI 3 PORSI SANGER KURMA HRD BERAPA KAK?,sanger kurma hrd,3,16500,49500
Loh mau pesen tiga porcy kopi susu gula aren dingin donk,kopi susu gula aren dingin,3,45000,135000
PESEN MARTABAK KEJU COKLAT WIJEN SUSU SEBANYAK 4 PORXI HARGA RP34500,martabak keju coklat wijen susu,4,34500,138000
"pesen tiga porsi good day kak, total 18k",good day,3,6000,18000
ORDER PILLOW ROLL TIGA PORSI PCS HRG 46500 RB,pillow roll,3,46500,139500
4 porsi local mix berapa kak?,local mix,4,2000,8000
Halo kak mau beli empat saus bbq harganya rp 45000,saus bbq,4,45000,180000
"btw mau 5 porsi krupuk telur asin, rp 7500 kan?",krupuk telur asin,5,7500,37500
TOLONG PESANIN 5 SEMPOLAN AYAM DONG 31 RIBU,sempolan ayam,5,31000,155000
kak minta 4 choco chip s ya harga harga 13k,choco chip s,4,13000,52000
Order 4 porsi cranberry pebbles total 142k,cranberry pebbles,4,35500,142000
Sih pesan tori karaage 4 harganya 49500,tori karaage,4,49500,198000
pesan klepon 4 47500 rb,klepon,4,47500,190000
beli dua porsi dimsum keju rp. 46000,dimsum keju,2,46000,92000
HALO KAK MAU BLY 4 PORSI PORK RIBS FULL RACK HARGANYA 46500,pork ribs full rack,4,46500,186000
"Mau 10 porsi thai tea coffee, rp 36500 kan?",thai tea coffee,10,36500,365000
MAU PESEN 10 PENNE AL SALMONE DONG,penne al salmone,10,31500,315000
Kak minta sepuluh cap katespepaya ya harga harganya 10500,cap katespepaya,10,10500,105000
nih beli empat milkshake lecy 50 ribu,milkshake lecy,4,50000,200000
10 brownis kukus berapa kak?,brownis kukus,10,50000,500000
order dua porsi indomie nyemek daging total rp 89000,indomie nyemek daging,2,44500,89000
pesan churros topping ice cream sebanyak 2 porsi harga 8500,churros topping ice cream,2,8500,17000
"jambu berry 1 aja ya kak, harga rp21000",jambu berry,1,21000,21000
MAU DONGG SATU DONG MINI ALMOND BANANA HARGA HARGANYA 28500,mini almond banana,1,28500,28500
halo kak mau beli 2 biji risol kari harganya 43500 rb,risol kari,2,43500,87000
nih pesan jengkol cabe hijau sebanyak 1 biji harga rp 30500,jengkol cabe hijau,1,30500,30500
Belli hot mint choco latte dulu 3 porxi 23500 rb,hot mint choco latte,3,23500,70500
mau pesen sepuluh istimewa nutella  keju dng,istimewa nutella  keju,10,43000,430000
hehe beli nasi ikan mas goreng dulu 4 porsi 35k,nasi ikan mas goreng,4,35500,142000
sih 3 gado  gado wong soeroboyo berapa kak?,gado  gado wong soeroboyo,3,49500,148500
"MAU 5 PORSI TAWAR WIJEN POPULER, RP 8000 KAN?",tawar wijen populer,5,8000,40000
order collagen tropical blast 3 pcs harga harga 5k,collagen tropical blast,3,5000,15000
kak 5 porsi ayam geprek mozarella nasi hrganya 32000 ya,ayam geprek mozarella nasi,5,32000,160000
order brown sugar coffee ukuran m empat pcs harga 6500,brown sugar coffee ukuran m,4,6500,26000
tolong pesanin seporsi juice marquisa dong rp 28500,juice marquisa,1,28500,28500
belli 5 bolu gulung tiramisu rp 15000,bolu gulung tiramisu,5,15000,75000
kak minta 4 porsi pina colada ya hrg harganya 40000,pina colada,4,40000,160000
"MAU TIGA IKAN LELE BAKARGORENG EKOR, RP29000 KAN?",ikan lele bakargoreng ekor,3,29000,87000
HEHE ORDER 1 CUMICUMI SEGAR TOTAL 12500 RB,cumicumi segar,1,12500,12500
MAU DNGG LIMA PORSI KIBO MINI DOUBLE CHOCO BERRY HARGA RP30000,kibo mini double choco berry,5,30000,150000
Loh halo kak mau beli sepuluh baby kebab tiramisu harganya 38500,baby kebab tiramisu,10,38500,385000
KAK 1 PORSI SOTO MADURA MASAKAN 24 RIBU YA,soto madura masakan,1,24000,24000
BELI SEPULUH KWETIAO GORENG XIWANG 37000,kwetiao goreng xiwang,10,37000,370000
Mau dongg 5 penfolds koonunga hill c sauvignon hrg harga 44k,penfolds koonunga hill c sauvignon,5,44000,220000
order 2 porsi black stick mozarella total 74000 rb,black stick mozarella,2,37000,74000
beli ini teh manis dulu 10 hrga 21k,ini teh manis,10,21500,215000
WKWK MAU DONGG 4 PORSI DONETO ANEKA TOPPING HARGA HARGA 20K,doneto aneka topping,4,20500,82000
Kak 10 sunkist wortel mix 6000 rb ya,sunkist wortel mix,10,6000,60000
Order 3 porsi almond choco cheese total rp. 118500,almond choco cheese,3,39500,118500
pesan tolak angln sebanyak empat harga rp 22500,tolak angln,4,22500,90000
kak minta sepuluh sec ya hrg rp. 26500,sec,10,26500,265000
MAU DONKG SEPORSI ROTI BAKAR STRAWBERRY HARGA 31000,roti bakar strawberry,1,31000,31000
KAK MINTA TIGA PORXI CAJUN RICE M YA HARGA HARGANYA 22000,cajun rice m,3,22000,66000
nitip chasiu pork ya 4 aja harga rp42500,chasiu pork,4,42500,170000
"mau 3 porsi boba anggur, 25 ribu kan?",boba anggur,3,25500,76500
PSEAN CAFFEE LATTE ICED SEBANYAK LIMA PORSI HARGA RP 41500,caffee latte iced,5,41500,207500
Pesan saus gonjreng sebanyak tiga harga harganya 6500,saus gonjreng,3,6500,19500
loh tolong pesanin dua porsi lontong dong rp32500,lontong,2,32500,65000
"Mau 10 porsi yaki matah, harganya 5000 kan?",yaki matah,10,5000,50000
NIH ORDER 10 CRISPY CHICKIN TOTAL 420000 RB,crispy chickin,10,42000,420000
3 porxi chamomile  iced berapa kak?,chamomile  iced,3,49500,148500
kak tiga stawberry juice harganya 18000 ya,stawberry juice,3,18000,54000
"ICED LECI TEA 10 PORCY YA KAK, HARGA 45 RIBU",iced leci tea,10,45000,450000
mau pesen sepuluh nutella medium dong,nutella medium,10,8500,85000
Mau dongg 10 ice milosaurus hrga harganya 42500,ice milosaurus,10,42500,425000
"Chicken cutlet cury 2 biji ya kak, harga 10 ribu",chicken cutlet cury,2,10500,21000
psean donut sosis 4 porsi harganya 8000,donut sosis,4,8000,32000
5 PORSI NASI GORENG WHITE SPESIAL BERAPA KAK?,nasi goreng white spesial,5,5500,27500
YGY KAK 10 CHEESE CROFFLE 43000 YA,cheese croffle,10,43000,430000
"btw mau satu dong heavenly sides, rp 37000 kan?",heavenly sides,1,37000,37000
mau pesen 2 biji daging sapi bawang bombay m donk,daging sapi bawang bombay m,2,18000,36000
MAU DONGG SATU MIE AYAM BAKSO KECIL HARGA 18500,mie ayam bakso kecil,1,18500,18500
Kak ada susu susanti lychee? mau 5 hrg 30k,susu susanti lychee,5,30500,152500
ygy halo kak mau beli 1 porsi bandrek susu harganya 27 ribu,bandrek susu,1,27500,27500
Order sepuluh toumiao bawang putih total 260000 rb,toumiao bawang putih,10,26000,260000
Order 10 porsi chunky berry mambo large total 370 ribu,chunky berry mambo large,10,37000,370000
fyi order cheskoffee aren latte tiga porsi pcs harga 22000 rb,cheskoffee aren latte,3,22000,66000
kak minta 10 porsi chicken chese ttoekbokki ya harga rp. 25500,chicken chese ttoekbokki,10,25500,255000
kak ada nasi ayam crispy criuk? mau sepuluh 48000,nasi ayam crispy criuk,10,48000,480000
"Pesen dua suka ikan kerapu sedang kak, total rp 88000",suka ikan kerapu sedang,2,44000,88000
MAU PESEN TIGA CILOK GAJEH DONG,cilok gajeh,3,29000,87000
"balinese sambal matah with rice 2 porsi ya kak, hrga 46500 rb",balinese sambal matah with rice,2,46500,93000
MAU DONKG 1 AJA BANANA ROLL COKLATKEJU HARGA RP 35500,banana roll coklatkeju,1,35500,35500
fyi kak ada zegerin aja? mau 5 rp. 5000,zegerin aja,5,5000,25000
loh 4 porsi puding tradisional thai berapa kak?,puding tradisional thai,4,30000,120000
kak ada sop ampela? mau 5 porsi rp 4500,sop ampela,5,4500,22500
nih halo kak mau beli 3 porsi crispy oreo bun harganya rp22500,crispy oreo bun,3,22500,67500
pesan beras ketan hitam tumbuk mentah sebanyak 4 harga rp31000,beras ketan hitam tumbuk mentah,4,31000,124000
Beli 1 biji pentol ranjau harganya 12500,pentol ranjau,1,12500,12500
Nih beli 3 porxi pancake durian cokelat 16k,pancake durian cokelat,3,16000,48000
Nitip daun leunca ya 2 aja harga 11000 rb,daun leunca,2,11000,22000
Kak sepuluh es teh manis small hrganya 31500 ya,es teh manis small,10,31500,315000
NIH BISA GAK ORDER 5 KLEPON COCONUT CRUNCH HARGA HARGA 24K,klepon coconut crunch,5,24500,122500
ORDER 10 BUTTER SUGAR TOTAL 410 RIBU,butter sugar,10,41000,410000
Btw kak ada bella cullen? mau 4 porsi rp 43500,bella cullen,4,43500,174000
"MAU 10 MIX MADELLIN, RP. 34000 KAN?",mix madellin,10,34000,340000
TOLONG PESANIN LIMA TAWAR KUPAS DONG 25K,tawar kupas,5,25000,125000
BISA GAK ORDER 1 BIJI MIGHTY MILO HARGA HARGA 8K,mighty milo,1,8000,8000
Bisa gak order 3 dideh darah sapi harga rp. 39000,dideh darah sapi,3,39000,117000
Tiga porsi capcay sosis aja kak hrg 43k,capcay sosis,3,43000,129000
BTW ORDER EXTRA CHEESY CHICKEN CUTLET CURRY 2 PORSI PCS HARGA RP 33000,extra cheesy chicken cutlet curry,2,33000,66000
sih kak ada corndog mozarella coklat oreo? mau lima porsi rp. 11500,corndog mozarella coklat oreo,5,11500,57500
ORDER 10 PORSI NASI GORENG MAWUT TOTAL 170000 RB,nasi goreng mawut,10,17000,170000
bisa gak order 2 porsi seblak bakso  sosis harga harganya 45000,seblak bakso  sosis,2,45000,90000
"fyi gurami cabe hijau  ekor lima ya kak, harga 18000",gurami cabe hijau  ekor,5,18000,90000
BELI TIGA PORCY EKADO UDON RP. 34500,ekado udon,3,34500,103500
Tolong pesanin 1 porsi pizza special day dng 34k,pizza special day,1,34000,34000
WKWK HALO KAK MAU BELI 2 DARK CHOCOLATE MINT HRGANYA HARGANYA 20000,dark chocolate mint,2,20000,40000
bisa gak order 10 porsi triple burger with cheese hrga 35 rib,triple burger with cheese,10,35500,355000
nih order spikoe kuno lusi 5 pcs harga harga 42k,spikoe kuno lusi,5,42000,210000
2 poligami aja kak harga 35k,poligami,2,35500,71000
WKWK PESAN BABY CRAB BALADO EMPAT 4 RIBU,baby crab balado,4,4500,18000
BELI CHIKEN SAMBAL MATAH WITH RICE DULU 5 PORSI 10500,chiken sambal matah with rice,5,10500,52500
WKWK KAK MINTA 10 SIOMAY  SAMBAL YA HARGA RP10500,siomay  sambal,10,10500,105000
kak minta tiga porcy martabak tipker nutella keju ya harga harganya 36500,martabak tipker nutella keju,3,36500,109500
ORDER 3 MIE PETIR JAMUR TOTAL 76 RIBU,mie petir jamur,3,25500,76500
beli sepuluh special meji gunkan mentai hrg 25k,special meji gunkan mentai,10,25500,255000
bisa gak order 3 lapis pisang harga 7k,lapis pisang,3,7000,21000
Loh pesan roti isi tiga porsi 4k,roti isi,3,4500,13500
Order egg pudding satu pcs hrg harganya 40500,egg pudding,1,40500,40500
"Yummy gum seporsi ya kak, harga harganya 11500",yummy gum,1,11500,11500
2 kopi susu caramel aja kak harga rp. 3500,kopi susu caramel,2,3500,7000
Fyi sepuluh kebab berapa kak?,kebab,10,15500,155000
YGY BELI SATU DONG ROTI KESET KOMBINASI 45K,roti keset kombinasi,1,45500,45500
"mau tiga es regalin aja, rp 9500 kan?",es regalin aja,3,9500,28500
KAK ADA UDANG ASAM MANIS? MAU 5 PORCY HARGA 31K,udang asam manis,5,31500,157500
Kak empat teh rp38500 ya,teh,4,38500,154000
Mau dongg tiga tahu seafood harga rp. 37000,tahu seafood,3,37000,111000
dua lumaileunca segar aja kak harga rp 22500,lumaileunca segar,2,22500,45000
ygy beli tiga tteo big 42000 rb,tteo big,3,42000,126000
Pesan milkshake oreo sebanyak 5 hrg rp3500,milkshake oreo,5,3500,17500
"mau 10 porsi spesial tuna, 20500 rb kan?",spesial tuna,10,20500,205000
NIH HALO KAK MAU BELI 10 BUNGKIL BIJI KARET HARGANYA HARGANYA 12000,bungkil biji karet,10,12000,120000
"pesen 4 mochacino panas kak, total harga 102k",mochacino panas,4,25500,102000
KAK ADA JUICE KOPYOR? MAU 2 5000 RB,juice kopyor,2,5000,10000
3 porsi eeg benedict aja kak harga rp. 14000,eeg benedict,3,14000,42000
KAK MINTA LIMA PORSI OTAKOTAK BAKAR YA HARGA RP 17000,otakotak bakar,5,17000,85000
Pesan kue potong cake kemoja 5 8 ribu,kue potong cake kemoja,5,8500,42500
TOLONG PESANIN 2 PORSI WAGYU CHAHAN DONG 37000 RB,wagyu chahan,2,37000,74000
beli claypot tahu seafood m dulu 2 27k,claypot tahu seafood m,2,27000,54000
order sup jagung kepiting 4 porsi pcs harga 4500,sup jagung kepiting,4,4500,18000
TOLONG PESANIN 2 PORSI TAHU  TEMPE  TERONG DONG 41K,tahu  tempe  terong,2,41000,82000
Mau pesen 4 porsi telur burung puyuh segar dong,telur burung puyuh segar,4,38000,152000
Pesan bakso kasar sedang sebanyak lima porsi harga rp 18500,bakso kasar sedang,5,18500,92500
mau pesen seporsi jagung susu keju dong,jagung susu keju,1,46500,46500
Lima porsi stawberry popping boba aja kak harga 49000,stawberry popping boba,5,49000,245000
HEHE PESAN ES NYOKLAT 4 PORSI HRGA 23K,es nyoklat,4,23500,94000
"homemade donut gula 10 porsi ya kak, harga 33k",homemade donut gula,10,33000,330000
Kak minta empat tok stick ya harga rp. 24000,tok stick,4,24000,96000
sepuluh roti cokelat roll berapa kak?,roti cokelat roll,10,49500,495000
"Wkwk mau sepuluh wahaha pork knuckle, rp10500 kan?",wahaha pork knuckle,10,10500,105000
Sih order blackpepper rice bowl 1 porsi pcs hrg harganya 23000,blackpepper rice bowl,1,23000,23000
peesn gurami bakar jumbo sebanyak 3 porsi harga 20000,gurami bakar jumbo,3,20000,60000
BISA GAK ORDER SATU DONG ES SUSU PANDAN L HARGA HARGANYA 27000,es susu pandan l,1,27000,27000
Fyi halo kak mau beli tiga porsi milk bubble brown hrgnya harga 43k,milk bubble brown,3,43000,129000
Kak sepuluh sampler taman rp. 47500 ya,sampler taman,10,47500,475000
Ygy 2 biji galian delima putih aja kak harga 42 ribu,galian delima putih,2,42500,85000
PESAN JUICE MANGGA 1 BIJI RP 26500,juice mangga,1,26500,26500
"HEHE PESEN 3 PORSI AYAM CLBK SAYAP KAK, TOTAL 138000",ayam clbk sayap,3,46000,138000
Order latte hot tiga pcs harga rp. 16000,latte hot,3,16000,48000
Sih kak ada tropical appleberries? mau 4 porsi rp 44500,tropical appleberries,4,44500,178000
Seporcy nasi goreng belacan aja kak hrg 9000,nasi goreng belacan,1,9000,9000
Order 10 porsi hello gorgeous total harga 330k,hello gorgeous,10,33000,330000
NIH TOLONG PESANIN LIMA PORSI BOLA KEPITING DONG 45000 RB,bola kepiting,5,45000,225000
Mau dongg 1 timun serut hrga 32000,timun serut,1,32000,32000
Beli tiga porsi portuguese egg tart 30 ribu,portuguese egg tart,3,30500,91500
MAU PESEN LIMA PORSI ES VANILA LATTE CINCAU DONG,es vanila latte cincau,5,35500,177500
"pukis vanilla lima porsi ya kak, hrga rp 16500",pukis vanilla,5,16500,82500
"Pesen 5 popcorn balado medium kak, total rp85000",popcorn balado medium,5,17000,85000
Nih belli bintang radler can dulu 2 harganya 27500,bintang radler can,2,27500,55000
Mau dongg 2 porxi mendoan harga harga 11k,mendoan,2,11000,22000
loh lima porsi rambutan binjai segar aja kak harga 5k,rambutan binjai segar,5,5000,25000
Order 4 thai tea berry cheese total rp. 64000,thai tea berry cheese,4,16000,64000
lima pokpia kukus berapa kak?,pokpia kukus,5,26500,132500
pesan roti sosis sapi 3 rp 36000,roti sosis sapi,3,36000,108000
halo kak mau bly 2 biji bundlng a harganya harga 48k,bundlng a,2,48000,96000
kak ada frozen kebab? mau 10 harganya 49500,frozen kebab,10,49500,495000
bisa gak order tiga porsi mexico coklat harga harga 31k,mexico coklat,3,31500,94500
ygy kak minta tiga seblak batagor  pop ice ya harga 25k,seblak batagor  pop ice,3,25500,76500
Kak lima porxi two season rp. 20500 ya,two season,5,20500,102500
sih nitip milkshake melon ya tiga porsi aja harga harganya 48000,milkshake melon,3,48000,144000
KAK MINTA 10 TIRAMISU DESSERT BOX YA HARGA 35500,tiramisu dessert box,10,35500,355000
Sih 1 aja ikan gembung panggang aja kak harga 11500,ikan gembung panggang,1,11500,11500
mau pesen seporsi ayam kremes personal dong,ayam kremes personal,1,37000,37000
"nih mau 2 red velvet h, hrg 8k kan?",red velvet h,2,8000,16000
"mau 1 biji pancong milk cheese, harganya 27500 kan?",pancong milk cheese,1,27500,27500
HALO KAK MAU BELLI 1 PORSI BANTAL HARGANYA 26 RIB,bantal,1,26000,26000
pesen chicago cheese burger 5 rp 16500,chicago cheese burger,5,16500,82500
5 TOGE KACANG TUNGGAK BERAPA KAK?,toge kacang tunggak,5,13000,65000
beli pandan jade slice dulu 1 biji rp 12000,pandan jade slice,1,12000,12000
"MAU 5 PORSI CAFE LATTE HOT, RP5000 KAN?",cafe latte hot,5,5000,25000
HALO KAK MAU BELI 3 PANCONG KEJU SUSU L HARGANYA 42500 RB,pancong keju susu l,3,42500,127500
belli satu dong noona chiken wrap spicy 41500 rb,noona chiken wrap spicy,1,41500,41500
fyi bisa gak order 3 porsi oreo coffee harga rp8500,oreo coffee,3,8500,25500
"ROTI SARIKAYA LIMA PORSI YA KAK, HARGA 8500",roti sarikaya,5,8500,42500
"loh mau tiga porsi ayam geprek originalpotong, rp26500 kan?",ayam geprek originalpotong,3,26500,79500
nitip keripik singkong asin ya 3 porsi aja harga rp. 33500,keripik singkong asin,3,33500,100500
"Pesen dua porsi jus timun segar kak, total hrganya 80000",jus timun segar,2,40000,80000
KAK EMPAT MIE INDOMIE AYAM PANGGANG JUMBO RP. 29500 YA,mie indomie ayam panggang jumbo,4,29500,118000
halo kak mau beli tiga siomay gurilem kemasan harganya 27k,siomay gurilem kemasan,3,27000,81000
NITIP OTAK OTAK CRISPY YA 3 AJA HARGA RP 38000,otak otak crispy,3,38000,114000
YGY MAU DONKG 10 SAPI DALEMAN SEGAR HARGA 30000 RB,sapi daleman segar,10,30000,300000
BELI NASI TIMBEL TELOR TAHU TEMPE DULU 1 PORSI HARGANYA 40000,nasi timbel telor tahu tempe,1,40000,40000
"Mau 10 porsi nasi capcay, rp40000 kan?",nasi capcay,10,40000,400000
"Pesen lima porxi biasa full keju kak, total 250 rib",biasa full keju,5,50000,250000
fyi order ice milky brown sugar empat pcs harga harganya 27000,ice milky brown sugar,4,27000,108000
Bisa gak order satu dong cappucino large harga rp. 48500,cappucino large,1,48500,48500
BELI 4 PORCY CHICKEN GYOZA PIZZA HARGANYA 46500,chicken gyoza pizza,4,46500,186000
Nitip es choco milo m ya 10 aja harga rp. 35000,es choco milo m,10,35000,350000
Mau pesen 10 pentol ranjau dong,pentol ranjau,10,13500,135000
pesan red lemonade 4 rp 47000,red lemonade,4,47000,188000
Sih order lima chicken teriyaki set total rp 125000,chicken teriyaki set,5,25000,125000
"martabak coklat keju tebal wisman lima porxi ya kak, harga 41 ribu",martabak coklat keju tebal wisman,5,41000,205000
Bisa gak order 10 capcay spesial harga rp22000,capcay spesial,10,22000,220000
NITIP POP ICE COKLAT YA LIMA AJA HARGA 38 RIBU,pop ice coklat,5,38500,192500
nitip es orange booster ya lima aja harga 33000 rb,es orange booster,5,33000,165000
Beli nasi campur ayam crispy dulu 1 porsi rp 10500,nasi campur ayam crispy,1,10500,10500
bisa gak order 4 roti gulung nanas hrga 7000,roti gulung nanas,4,7000,28000
peesn sambal merah sebanyak lima porsi harga harga 37k,sambal merah,5,37000,185000
Hehe bisa gak order lima roti bun harga rp29000,roti bun,5,29000,145000
kak ada caramel coffee frappe? mau 4 rp 17000,caramel coffee frappe,4,17000,68000
hehe pesan crunchy coffee made with kitkat dua 5k,crunchy coffee made with kitkat,2,5500,11000
NIH PESAN KERANG DARA SAUS PADANG 5 10 RBU,kerang dara saus padang,5,10500,52500
tolong pesanin 4 oseng cumi asin kecombrang dong 38500 rb,oseng cumi asin kecombrang,4,38500,154000
Sih halo kak mau beli sepuluh tahu ayam hrgnya 46k,tahu ayam,10,46000,460000
Ygy mau dongg satu dong nasi bungkus  babat harga 36 ribu,nasi bungkus  babat,1,36000,36000
mau pesen 3 soes fla dng,soes fla,3,4500,13500
NIH PSEAN RAMERAME MANDHI MIX DUA 43500 RB,ramerame mandhi mix,2,43500,87000
Wkwk mau donkg 1 porsi es drink beng beng harga 42000 rb,es drink beng beng,1,42000,42000
FYI MAU DONGG 1 ROTI KESET COKLAT HARGA 46K,roti keset coklat,1,46500,46500
ygy tolong pesanin 1 biji chicken wings nyayap bulgogi boom dong 25500 rb,chicken wings nyayap bulgogi boom,1,25500,25500
"Loh white koffie seporsi ya kak, harga rp. 43500",white koffie,1,43500,43500
PESAN ROTI COKLAT SEBANYAK 2 HARGA RP. 8000,roti coklat,2,8000,16000
mau pesen 3 juice jeruk wortel dong,juice jeruk wortel,3,17500,52500
loh kak minta lima tahu tauco ya harga 49 ribu,tahu tauco,5,49500,247500
"Spicy tuna aqua 10 porxi ya kak, harga harga 6k",spicy tuna aqua,10,6500,65000
Pesen es nutrisari jeruk peras 4 rp3000,es nutrisari jeruk peras,4,3000,12000
tolong peesnin 10 porsi kulit ayam kriuk dong 34 ribu,kulit ayam kriuk,10,34000,340000
mau dngg 5 porsi double cheese harga rp27000,double cheese,5,27000,135000
MAU PESEN TIGA BLUEBERRY BAGEL DONK,blueberry bagel,3,9500,28500
mau pesen 2 porsi katak dong,katak,2,10000,20000
FYI HALO KAK MAU BELI EMPAT BUTTERSCOTCH COFFEE LATTE HRGANYA 34K,butterscotch coffee latte,4,34500,138000
"Nih mau 2 biji cilor tusuk, 2000 kan?",cilor tusuk,2,2000,4000
KAK 2 DESSERT OPERA 37 RIBU YA,dessert opera,2,37000,74000
"MAU SEPORSI NASI PECEL AYAM KRISPY, 45000 KAN?",nasi pecel ayam krispy,1,45000,45000
beli bruschetta al pomodoro dulu empat 21k,bruschetta al pomodoro,4,21500,86000
Pesan loyang sedang mix sebanyak 10 porsi harga harganya 17500,loyang sedang mix,10,17500,175000
BELI JEGAR JELLY CHRYSANTHEMUM DULU 2 28000,jegar jelly chrysanthemum,2,28000,56000
"PESEN SATU DNG MILK BROWN SUGAR KAK, TOTAL 44000 RB",milk brown sugar,1,44000,44000
Sepuluh cupcakes animal set aja kak harga 7500,cupcakes animal set,10,7500,75000
ygy beli 5 capjay goreng rp. 34000,capjay goreng,5,34000,170000
wkwk order tiga porsi kebab lumer beef slice large total 139k,kebab lumer beef slice large,3,46500,139500
KAK 2 CHOCO OREO CHEESE BUBBLE DRINK HARGANYA 12500 YA,choco oreo cheese bubble drink,2,12500,25000
BELI EMPAT HONEY LEMON COLD 31500 RB,honey lemon cold,4,31500,126000
"ygy beef yamin 2 porcy ya kak, harga rp11000",beef yamin,2,11000,22000
"pesen 4 porsi penne di mare kak, total rp 198000",penne di mare,4,49500,198000
Tolong pesanin satu dong ayam geprek cabe hijaupotong dong rp. 16000,ayam geprek cabe hijaupotong,1,16000,16000
sih order kartu ucapan kokumi 1 pcs harga rp 6000,kartu ucapan kokumi,1,6000,6000
SIH MAU DONGG SEPULUH RHABOKKI ISTIMEWAH MOZARELLA HRGA 33500,rhabokki istimewah mozarella,10,33500,335000
loh mau dongg lima bbq chicken mini harga 43000 rb,bbq chicken mini,5,43000,215000
Tolong pesanin 10 porsi gurami bakar jumbo dong harga 17k,gurami bakar jumbo,10,17500,175000
mau pesen tiga orange blue sea dong,orange blue sea,3,3500,10500
"BTW PESEN 5 PORSI SEBLAK SADIS SOSIS KAK, TOTAL RP. 195000",seblak sadis sosis,5,39000,195000
"MAU LIMA PORSI ICE KACANG, RP. 24500 KAN?",ice kacang,5,24500,122500
halo kak mau beli 10 porsi bakso tumpeng kecil hrganya rp. 24500,bakso tumpeng kecil,10,24500,245000
KAK 1 BIJI SINGKONG LEPAS RP 41000 YA,singkong lepas,1,41000,41000
1 mie ayam  telor aja kak harga rp. 11000,mie ayam  telor,1,11000,11000
Order panas special krispy medium 5 pcs harga 23500 rb,panas special krispy medium,5,23500,117500
"Mau sepuluh sop cindur, harga 13k kan?",sop cindur,10,13000,130000
Peesn large ice strawberry milk sebanyak dua harga 48500,large ice strawberry milk,2,48500,97000
"Mau 1 porsi xavier original cup peachgum, 11k kan?",xavier original cup peachgum,1,11000,11000
MAU PESEN 10 PORSI CEKER DIMSUM DNG,ceker dimsum,10,42500,425000
Mau donkg 1 porsi agilio olio tuna harga 30 ribu,agilio olio tuna,1,30000,30000
YGY MAU PESEN DUA PORSI ICED LATTE DONG,iced latte,2,6500,13000
KAK ADA EMPAL DAGING GORENG MASAKAN? MAU 10 RP37000,empal daging goreng masakan,10,37000,370000
KAK MINTA 4 PORSI BANANA UYU YA HRGA 12 RIBU,banana uyu,4,12500,50000
kak minta 3 porsi the original hot dog ya harga rp 21000,the original hot dog,3,21000,63000
"PESEN 4 AMBULA KEDONDNG JUICE KAK, TOTAL RP 82000",ambula kedondong juice,4,20500,82000
Peesn sei diego burger 1 biji harganya 27000,sei diego burger,1,27000,27000
fyi psean fraise ananas 4 harganya 18500,fraise ananas,4,18500,74000
Kak minta lima porsi mix sweet cake ya harga rp 50000,mix sweet cake,5,50000,250000
TOLONG PESANIN LIMA SELAI VANILLA CRUNCH DONG 32000 RB,selai vanilla crunch,5,32000,160000
loh satu dong daun kol sawi segar berapa kak?,daun kol sawi segar,1,30500,30500
beli dua risol goreng 40000 rb,risol goreng,2,40000,80000
"PESEN LIMA PORXI KOPI C DINGIN KAK, TOTAL 12 RIBU",kopi c dingin,5,2500,12500
"Chicken roast set seporsi ya kak, harga 8000 rb",chicken roast set,1,8000,8000
kak ada secret garden? mau satu 19 ribu,secret garden,1,19500,19500
"MIE LIDI 10 YA KAK, HARGA HARGANYA 5000",mie lidi,10,5000,50000
sih pesan chicken katsu curry dua harganya 21000,chicken katsu curry,2,21000,42000
loh sepuluh peterseli aja kak harga 35k,peterseli,10,35000,350000
NIH KAK MINTA 5 TAWAR LEMBUT FRIENDS YA HARGA RP 13000,tawar lembut friends,5,13000,65000
Sih mau pesen tiga porcy kiwi pineapple dong,kiwi pineapple,3,34000,102000
WKWK MAU PESEN TIGA MUFFIN VANILA DONG,muffin vanila,3,18500,55500
MAU PESEN 10 ICED CREAMY COFFEE DONG,iced creamy coffee,10,19000,190000
PESAN SELADA DUA 40000,selada,2,40000,80000
EMPAT KOLOBAK BERAPA KAK?,kolobak,4,24000,96000
Fyi beli pancong oreo dulu 5 harga 2k,pancong oreo,5,2000,10000
3 PORSI MILK SHAKE VANILLA DANCOW BERAPA KAK?,milk shake vanilla dancow,3,19500,58500
Halo kak mau beli sepuluh pendolds koonuga hill c sauvignon harganya rp. 45500,pendolds koonuga hill c sauvignon,10,45500,455000
HALO KAK MAU BELI LIMA BEBEK BAKAR PLUS NASI HARGANYA RP 23500,bebek bakar plus nasi,5,23500,117500
PESAN VANILLA 2 PORSI HARGANYA 8000,vanilla,2,8000,16000
Kak 2 porsi cendol pandan 16000 rb ya,cendol pandan,2,16000,32000
4 CLASSIC COBB BERAPA KAK?,classic cobb,4,42500,170000
ORDER NUTRISARI JERUK NIPIS 5 PORSI PCS HARGA 28000,nutrisari jeruk nipis,5,28000,140000
sih halo kak mau beli 2 porsi sambal ricapencittrasiijo harganya rp. 47500,sambal ricapencittrasiijo,2,47500,95000
Kak ada es kopi kulo untuk driver? mau lima rp33000,es kopi kulo untuk driver,5,33000,165000
EMPAT RED BEAND BERAPA KAK?,red beand,4,2000,8000
"Mau lima mie aceh cumi, 3000 kan?",mie aceh cumi,5,3000,15000
Nih beli 1 porsi cookies chocolate mente 34000 rb,cookies chocolate mente,1,34000,34000
ygy tolong pesenin tiga porsi cream de pomodori vegan dong rp 24500,cream de pomodori vegan,3,24500,73500
kak ada beef cheese burger? mau 4 porsi harga 18k,beef cheese burger,4,18000,72000
btw pesan cimory squeeze original empat rp26000,cimory squeeze original,4,26000,104000
"Fyi pesen 10 porsi chicken steak copa kak, total 190 ribu",chicken steak copa,10,19000,190000
Nitip gurami goreng kering ya tiga aja harga 24 ribu,gurami goreng kering,3,24500,73500
pesan ikan patin bakar sebanyak 1 hrga rp44500,ikan patin bakar,1,44500,44500
YGY ORDER TIGA CHICKEN STRIP ROLL TOTAL 93000 RB,chicken strip roll,3,31000,93000
NIH KAK MINTA 3 PORSI KWETIAW SIRAM SEAFOOD YA HRGA RP29000,kwetiaw siram seafood,3,29000,87000
"PESEN 10 KERIPIK KENTANG ORI KAK, TOTAL RP. 255000",keripik kentang ori,10,25500,255000
"ygy pesen 4 porxi kfc kak, total rp. 130000",kfc,4,32500,130000
KAK ADA SMOKED BEEF  EGG? MAU LIMA PORSI 13 RIBU,smoked beef  egg,5,13500,67500
BELI 4 SMOKED BEEF MENTAI SAUCE HARGANYA 28000,smoked beef mentai sauce,4,28000,112000
mau dongg 2 porcy wonder waldorf harga harga 35k,wonder waldorf,2,35000,70000
sih halo kak mau beli 5 vanilla blue harganya rp. 2500,vanilla blue,5,2500,12500
Tolong pesanin 3 mie kuning donk rp 34000,mie kuning,3,34000,102000
BTW MAU PESEN EMPAT CARBONARA DONK,carbonara,4,22000,88000
"LUMPIA PISANG TARO LIMA YA KAK, HARGA HARGANYA 43500",lumpia pisang taro,5,43500,217500
"Pesen lima porcy mie petir level m kak, total hrgnya 237500",mie petir level m,5,47500,237500
Nitip lamian pangsit ya 5 porsi aja harga rp46500,lamian pangsit,5,46500,232500
LIMA KACANG SUKRO PUTIH BERAPA KAK?,kacang sukro putih,5,14000,70000
Order satu dong milkshake taro total rp28500,milkshake taro,1,28500,28500
mau dongg seporsi spicy garlic chicken harga 49000,spicy garlic chicken,1,49000,49000
10 ES POP ICE AJA KAK HARGA 8 RIBU,es pop ice,10,8500,85000
order juice melon tiga porsi pcs hrg 23500 rb,juice melon,3,23500,70500
"Ygy tori curry udon tiga ya kak, harga rp 14500",tori curry udon,3,14500,43500
PESAN MIE ACEH GORENG SIFOOD SEBANYAK 10 HARGA HARGA 24K,mie aceh goreng sifood,10,24500,245000
YGY MAU PESEN TIGA PORSI TEMPE KORO BENGUK DNG,tempe koro benguk,3,2500,7500
WKWK BLY JUS KURMA DULU 2 46000 RB,jus kurma,2,46000,92000
tolong pesanin 4 vocanzo large dong 34500 rb,vocanzo large,4,34500,138000
KAK ADA TUMIS TAUGE IKAN ASIN TENGGIRI? MAU 1 49500 RB,tumis tauge ikan asin tenggiri,1,49500,49500
fyi 2 porsi roti cuplis raspberry berapa kak?,roti cuplis raspberry,2,50000,100000
mau donkg 10 porcy es rasa coklat harga 9 ribu,es rasa coklat,10,9500,95000
pesan donat toping mises sebanyak 3 hrg 42000 rb,donat toping mises,3,42000,126000
WKWK BELI FHU YUNG HAI DULU 5 RP. 34000,fhu yung hai,5,34000,170000
Nih halo kak mau beli 3 porsi mie pentol harganya rp 20500,mie pentol,3,20500,61500
Tolong pesanin 1 aja jangang bintatoeng masakan dong 22 ribu,jangang bintatoeng masakan,1,22500,22500
KAK EMPAT SUP ASPARAGUS DAGING KEPITING S 4500 RB YA,sup asparagus daging kepiting s,4,4500,18000
5 es kelapa muda berapa kak?,es kelapa muda,5,42000,210000
btw order chikitiuw bite 2 biji pcs hrg 46 ribu,chikitiuw bite,2,46500,93000
mau dongg 5 just sausage harga rp 38500,just sausage,5,38500,192500
beli 5 classic milo iced rp43000,classic milo iced,5,43000,215000
LOH TOLONG PESANIN 5 LONCOM DONG HRGANYA 20000,loncom,5,20000,100000
btw beli topping boba dulu tiga 21k,topping boba,3,21000,63000
5 oval coklat berapa kak?,oval coklat,5,21500,107500
BTW DUA SUSU KOCOK BOBA VANILA LATTE BERAPA KAK?,susu kocok boba vanila latte,2,13500,27000
Beli 4 porxi triple cheese burger rp37000,triple cheese burger,4,37000,148000
Kak ada combo special? mau 10 porsi rp17000,combo special,10,17000,170000
mau dongg 10 porsi lychee breezer harga 11k,lychee breezer,10,11500,115000
"FYI NASI CAP CAY 2 PORSI YA KAK, HARGA HARGANYA 32500",nasi cap cay,2,32500,65000
MAU PESEN LIMA CUKA DONG,cuka,5,18500,92500
beli pentol tuna  putih dulu lima harga 4k,pentol tuna  putih,5,4000,20000
order 2 biji osaka spicy tofu total rp. 97000,osaka spicy tofu,2,48500,97000
YGY 5 NASI GORENG KARTIKA AJA KAK HRGA RP 44000,nasi goreng kartika,5,44000,220000
Nih beli 3 smokeland hrgnya 16000,smokeland,3,16000,48000
Hehe 1 salmon belly nigiri aja kak harga 43k,salmon belly nigiri,1,43500,43500
Loh 4 porsi es rasa mangga aja kak harga 26k,es rasa mangga,4,26000,104000
hehe order mocha tikar empat pcs harga 40500,mocha tikar,4,40500,162000
mau dongg 2 porsi frenc fries mayo harga rp40500,frenc fries mayo,2,40500,81000
BTW ORDER EMPING ATJEH OTAKO SEPULUH PCS HARGA RP 3000,emping atjeh otako,10,3000,30000
HEHE TOLONG PESANIN SATU DAUN JAMBU METE MUDA DONG RP. 18500,daun jambu mete muda,1,18500,18500
"MAU 4 PORSI ICE CHOCO METEOR, HARGANYA 32000 KAN?",ice choco meteor,4,32000,128000
loh kak ada extra saos? mau 5 porsi 12k,extra saos,5,12500,62500
Kak ada ayam pecak pkt santap? mau 2 biji 34 rib,ayam pecak pkt santap,2,34000,68000
Loh kak ada telor kribo? mau 5 harganya 7500,telor kribo,5,7500,37500
HALO KAK MAU BELI 1 AJA NASI KRENGSENGAN AYAM HARGANYA 35 RIBU,nasi krengsengan ayam,1,35500,35500
beli 4 chicken ham and cheese rm harganya 18000,chicken ham and cheese rm,4,18000,72000
5 asam kandis segar berapa kak?,asam kandis segar,5,35000,175000
beli nasi goreng chicken katsu dulu satu 29000 rb,nasi goreng chicken katsu,1,29000,29000
Hehe nitip pancong rasa durian ya dua porsi aja harga harga 37k,pancong rasa durian,2,37000,74000
ORDER 10 PANDAN CHEESE CREAM TOTAL RP 440000,pandan cheese cream,10,44000,440000
KAK ADA CHICKEN RUN? MAU 2 BIJI 27K,chicken run,2,27500,55000
Halo kak mau beli 4 porsi elbidaya kurm desert harganya rp2000,elbidaya kurm desert,4,2000,8000
kak ada okinawa coffee? mau 4 porsi hrga 43k,okinawa coffee,4,43500,174000
"Mau tiga tahubiji, harga 4k kan?",tahubiji,3,4000,12000
Fyi tolong pesanin 2 abon pedas dong 19 rbu,abon pedas,2,19500,39000
Kak ada vanilla latte chesee bubble drink? mau 5 porsi 24000 rb,vanilla latte chesee bubble drink,5,24000,120000
HEHE BLY AMERICANO ICEHOT DULU TIGA HARGA 28K,americano icehot,3,28000,84000
Kak sepuluh jus buah pear harganya 26000 ya,jus buah pear,10,26000,260000
"mau 4 bakso original, rp18500 kan?",bakso original,4,18500,74000
Pesen martabak tipker skippy keju empat harga 35k,martabak tipker skippy keju,4,35000,140000
Pesan udang curry sebanyak dua porsi harga 22k,udang curry,2,22000,44000
DUA GURAMI CABE HIJAU BERAPA KAK?,gurami cabe hijau,2,18500,37000
BTW KAK ADA NASI AYAM TALIWANG? MAU 2 RP9500,nasi ayam taliwang,2,9500,19000
WKWK NITIP NASI LELE TELOR YA 5 PORSI AJA HARGA 33500 RB,nasi lele telor,5,33500,167500
kak minta seporsi combo wings ya harga harganya 29000,combo wings,1,29000,29000
Nih mau pesen 10 porsi coconut praline dong,coconut praline,10,31000,310000
loh halo kak mau beli 2 biji katsu sauce blackpaper tanpa nasi harganya rp 18500,katsu sauce blackpaper tanpa nasi,2,18500,37000
PEESN NASI NILA SAOS TIRAM SEBANYAK TIGA PORSI HARGA HARGANYA 19500,nasi nila saos tiram,3,19500,58500
NIH HALO KAK MAU BELI EMPAT UDANG MASAK JAHE DAN BAWANG HARGANYA RP. 14500,udang masak jahe dan bawang,4,14500,58000
Kak minta 3 linggardjati sarsaparilla ya harga rp27000,linggardjati sarsaparilla,3,27000,81000
Beli roti srikaya dulu sepuluh 18k,roti srikaya,10,18500,185000
NIH NITIP PISANG KAYU SEGAR YA 1 BIJI AJA HARGA RP 45000,pisang kayu segar,1,45000,45000
order sepuluh sop gurame total 70000 rb,sop gurame,10,7000,70000
BELLI SEPULUH ES KOPI 28 RIBU,es kopi,10,28500,285000
MAU DONGG TIGA PORSI PALMIR HRGA HARGA 25K,palmir,3,25000,75000
beli dua cah tauge ikan teri rp27000,cah tauge ikan teri,2,27000,54000
beli 5 pancong nanas  pisbak coklat 8500 rb,pancong nanas  pisbak coklat,5,8500,42500
NIH SEPULUH JUICE APEL AJA KAK HARGA RP. 30000,juice apel,10,30000,300000
Order empat mie basah total hrg 146k,mie basah,4,36500,146000
Beli sambal goreng jengkol dulu 10 porsi 42 ribu,sambal goreng jengkol,10,42500,425000
mau pesen empat nasi goreng rempah daging dong,nasi goreng rempah daging,4,11500,46000
BISA GAK ORDER 4 PORSI KUMA CURRY RICE HARGA HARGANYA 2500,kuma curry rice,4,2500,10000
tolong peesnin tiga torimen dong harga 28k,torimen,3,28000,84000
BELI PRINIA ORANGE LYCHEE DULU 10 35000 RB,prinia orange lychee,10,35000,350000
btw pesan extra tabbouleh 2 porsi harganya 9000,extra tabbouleh,2,9000,18000
"mau 3 porsi chicken wings crush garlic, hrganya 10000 kan?",chicken wings crush garlic,3,10000,30000
loh beli tiga porsi spicy cheese tuna puff 46500,spicy cheese tuna puff,3,46500,139500
"PESEN DUA SEBLAK CRAB STICK SPECIAL KAK, TOTAL 36000",seblak crab stick special,2,18000,36000
order 4 olahan ikan berbentuk karakter total rp 196000,olahan ikan berbentuk karakter,4,49000,196000
fyi nitip hot  espresso single ya empat aja harga 45500 rb,hot  espresso single,4,45500,182000
"mau 2 porsi lemper pedas manis, rp 5000 kan?",lemper pedas manis,2,5000,10000
KAK MINTA 5 KOPI BIASA YA HARGA RP 27000,kopi biasa,5,27000,135000
BELI 3 DORY SAMBAL MATAH RP. 17500,dory sambal matah,3,17500,52500
"Pesen 1 biji bolu gulung strawberry kecil qz kak, total hrga 43k",bolu gulung strawberry kecil qz,1,43000,43000
"Sih mojito virgin lime 4 porsi ya kak, harga 14000",mojito virgin lime,4,14000,56000
"TOBIKO SEPULUH YA KAK, HARGA RP. 14000",tobiko,10,14000,140000
Bisa gak order 2 udang crispy harga rp. 35500,udang crispy,2,35500,71000
loh kak ada strawberry strudle? mau 4 porxi 13500,strawberry strudle,4,13500,54000
mau dongg lima spesial mozarella sosis harga 41000 rb,spesial mozarella sosis,5,41000,205000
Loh 2 corn dog mozarella strawberry berapa kak?,corn dog mozarella strawberry,2,14500,29000
Wkwk kak ada teh anget? mau 5 porsi 5k,teh anget,5,5000,25000
BTW MAU DONGG 4 PORSI CAH TAOGE UDANG HARGA 5K,cah taoge udang,4,5500,22000
"mau satu loyang sedang mix, rp35000 kan?",loyang sedang mix,1,35000,35000
NIH BELI TEH ELLA DULU 10 RP. 38000,teh ella,10,38000,380000
SIH SATU RAKET WANGI AJA KAK HARGA HARGA 13K,raket wangi,1,13500,13500
Hehe kak 5 porsi martabak telur loyang 25 ribu ya,martabak telur loyang,5,25500,127500
YGY KAK ADA RUM REGALE? MAU EMPAT 2000,rum regale,4,2000,8000
MAU PESEN 1 BIJI LONG SAUSAGE DONG,long sausage,1,16000,16000
"Ubi jalar merah lima ya kak, harga 8000",ubi jalar merah,5,8000,40000
BELI 3 PORXI IKAN KERAPU PEDAS MANIS 7 RIBU,ikan kerapu pedas manis,3,7500,22500
KAK MINTA 5 PORSI CHICAGO CHEESE BURGER YA HARGA 4 RIBU,chicago cheese burger,5,4000,20000
bisa gak order 2 biji cocopandan squash harga 2 ribu,cocopandan squash,2,2500,5000
loh kak ada ice matcha latte  boba? mau 2 45 ribu,ice matcha latte  boba,2,45000,90000
Loh pesan oyako sandwich sebanyak dua harga rp23500,oyako sandwich,2,23500,47000
tolong pesanin dua porxi corndog mosis mozarella sosis dong rp 37500,corndog mosis mozarella sosis,2,37500,75000
Mau dongg empat kepiting pedas manis harga rp45500,kepiting pedas manis,4,45500,182000
wkwk order tiga bakpao kelapa inti total rp. 72000,bakpao kelapa inti,3,24000,72000
KAK ADA NASI PENYETAN REGULER? MAU 2 9000,nasi penyetan reguler,2,9000,18000
Order 1 biji kuro samurai sushi tuna total 46000 rb,kuro samurai sushi tuna,1,46000,46000
Btw beli thai tea bubble gum dulu dua harga 36k,thai tea bubble gum,2,36500,73000
1 biji teh hijau tarik panas berapa kak?,teh hijau tarik panas,1,12500,12500
pesan bloody velvet 4 porsi rp2500,bloody velvet,4,2500,10000
"Pesen sepuluh lapis black forest kak, total harga 165k",lapis black forest,10,16500,165000
Mau pesen dua carbonara dong,carbonara,2,34000,68000
Btw bisa gak order 1 biji double shot elite hrg 45k,double shot elite,1,45500,45500
kak seporsi onigiri spicy chicken rp 19500 ya,onigiri spicy chicken,1,19500,19500
Mau dongg lima nyayap hemat harga rp 28500,nyayap hemat,5,28500,142500
Order hokkaido butter serve ice cream 10 pcs harga harga 39k,hokkaido butter serve ice cream,10,39000,390000
beli 4 crepes coklat oreo rp. 43500,crepes coklat oreo,4,43500,174000
BISA GAK ORDER 2 MATCHA MOCHA HARGA 22 RIBU,matcha mocha,2,22000,44000
mau pesen dua kitkat full toping reguler dong,kitkat full toping reguler,2,8500,17000
Mau pesen lima yongsan bingso dong,yongsan bingso,5,40000,200000
tolong pesanin lima porsi steaky sauce donk 47k,steaky sauce,5,47500,237500
Bly 4 kerupuk kemplang goreng rp 49500,kerupuk kemplang goreng,4,49500,198000
kak ada mie babat? mau 4 29 ribu,mie babat,4,29000,116000
Wkwk order 5 teri balado masakan total harganya 175000,teri balado masakan,5,35000,175000
KAK MINTA 10 PANAS SPECIAL SPICY LARGE YA HARGA 37 RIBU,panas special spicy large,10,37500,375000
fyi order sapi berlemak dua porsi pcs harga 20500,sapi berlemak,2,20500,41000
MAU PESEN DUA PORXI TOPPING SAMBAL BALADO DONG,topping sambal balado,2,28000,56000
LOH BLY 3 PORSI CHAMOMILE TEA RP. 46000,chamomile tea,3,46000,138000
Kak minta lima susu aren ya harga harga 26k,susu aren,5,26000,130000
Bisa gak order dua dessert red velvet box harga 13000,dessert red velvet box,2,13000,26000
Mau pesen satu extra fried wonton dong,extra fried wonton,1,14500,14500
Hehe order lima porxi animal style fries total harganya 85000,animal style fries,5,17000,85000
"USUS 2 YA KAK, HRGA RP. 13500",usus,2,13500,27000
NITIP LEMONADE ALOEVERA YA 3 AJA HARGA RP5000,lemonade aloevera,3,5000,15000
BELI DUA PORSI WAK FEN KWETIAU 49K,wak fen kwetiau,2,49500,99000
"pesen 5 ramen belly beef spicy kak, total rp. 102500",ramen belly beef spicy,5,20500,102500
"Pesen 4 porsi teh jelly kak, total 60000",teh jelly,4,15000,60000
NIH KAK ADA CARAMEL MACHIATO H? MAU 4 PORSI 46000 RB,caramel machiato h,4,46000,184000
nitip wedang jahe prabu ya 4 porcy aja harga harganya 48500,wedang jahe prabu,4,48500,194000
WKWK MAU DONGG 4 PORSI BAKPAO CHIK YEN AYAM HARGA RP 9500,bakpao chik yen ayam,4,9500,38000
Nih kak 1 biji kacang tanah kacang sari harga 21k ya,kacang tanah kacang sari,1,21000,21000
Halo kak mau beli dua banana harganya 23k,banana,2,23000,46000
bisa gak order tiga porsi terriyaki furai don harga 28000,terriyaki furai don,3,28000,84000
Kak 3 mie pangsit 11500 rb ya,mie pangsit,3,11500,34500
Fyi kak lima porsi es godir rp13500 ya,es godir,5,13500,67500
BISA GAK ORDER TIGA PORSI INDOMIE GORENG SPECIAL HARGA RP 21000,indomie goreng special,3,21000,63000
5 roti gula berapa kak?,roti gula,5,32500,162500
Order tawar gandum besar 3 porsi pcs hrga rp11000,tawar gandum besar,3,11000,33000
order 3 american cheese loaf total 136k,american cheese loaf,3,45500,136500
SEPORCY MARIE CRUSHER BERAPA KAK?,marie crusher,1,21500,21500
mau pesen tiga classic chicken burger dong,classic chicken burger,3,12000,36000
pesen toast chicken sebanyak 3 porsi harga rp. 19000,toast chicken,3,19000,57000
Kak minta 4 porxi bamboo cheese ya harga rp5000,bamboo cheese,4,5000,20000
sih bly roti kukus nenaspineapple set dulu 5 porsi 21k,roti kukus nenaspineapple set,5,21500,107500
"Nih mau 10 porxi mango mambo large, harganya 47000 kan?",mango mambo large,10,47000,470000
halo kak mau bly tiga porcy mie kremes toples harganya 33000,mie kremes toples,3,33000,99000
Beli 4 porsi chiffon cake chocolate 8k,chiffon cake chocolate,4,8500,34000
KAK LIMA JAMUR TIRAM TUMIS TERI 32 RIBU YA,jamur tiram tumis teri,5,32500,162500
beli 5 porsi risol daging rp 36500,risol daging,5,36500,182500
TOLONG PESENIN 3 SARSAPARILLA DE DALBO DONG RP. 30000,sarsaparilla de dalbo,3,30000,90000
4 PORSI MIE GOBYOSS SIOMAY BERAPA KAK?,mie gobyoss siomay,4,44000,176000
HEHE TOLONG PESANIN DUA ABON GULUNG DONK HARGA 30K,abon gulung,2,30500,61000
btw tolong pesanin sepuluh rice sausage dong 7500,rice sausage,10,7500,75000
Mau dongg 3 vegan coconut harga 20000,vegan coconut,3,20000,60000
Order nutrisari cincau 4 porsi pcs harga rp. 15500,nutrisari cincau,4,15500,62000
MAU PESEN 10 KWETIAU GORENG DONK,kwetiau goreng,10,10500,105000
Kak ada cripsy chicken cheese? mau satu 43 ribu,cripsy chicken cheese,1,43000,43000
nitip pukis vanilla ya lima porcy aja harga 26k,pukis vanilla,5,26500,132500
SIH KAK MINTA TIGA PORSI STARGAZING YA HARGA 36K,stargazing,3,36500,109500
Sih 2 biji cah tauge ikan teri aja kak hrg 50000 rb,cah tauge ikan teri,2,50000,100000
Sih kak 10 porsi cafe americano hot 36500 rb ya,cafe americano hot,10,36500,365000
BISA GAK ORDER 5 PORSI SEBLAK BANDUNG BAKSO HRG 28K,seblak bandung bakso,5,28500,142500
psean whole cheese mushroom sebanyak 3 harga harganya 42000,whole cheese mushroom,3,42000,126000
hehe order calzone beef sausage original 2 biji pcs harga 6500 rb,calzone beef sausage original,2,6500,13000
"Wkwk chocolate cream horn lima ya kak, harga rp. 39500",chocolate cream horn,5,39500,197500
HALO KAK MAU BELI 1 BIJI TEH MADU LEMON HARGANYA RP. 7000,teh madu lemon,1,7000,7000
Ygy pesan es kawista 2 biji 48k,es kawista,2,48500,97000
tolong pesanin tiga porsi sexyroni whole dong harga 49k,sexyroni whole,3,49500,148500
"PESEN 4 PORSI ROTI SARDENTUNA KAK, TOTAL 88000",roti sardentuna,4,22000,88000
"Pesen 5 porsi redvelvet creamy premium kak, total 115000 rb",redvelvet creamy premium,5,23000,115000
kak 10 porsi jagung muda kuning mentah rp 39500 ya,jagung muda kuning mentah,10,39500,395000
"Pesen 10 ayam bakar ts kak, total 60 ribu",ayam bakar ts,10,6000,60000
KAK MINTA TIGA KRISPY BARBAR ALA CARTE YA HARGA 4000,krispy barbar ala carte,3,4000,12000
pesan coffee cheese brulee sebanyak 10 hrga rp. 7500,coffee cheese brulee,10,7500,75000
mau dongg 10 sayur bayam harga harganya 42500,sayur bayam,10,42500,425000
Fyi kak minta 3 burger daging ayam ya harga 26 ribu,burger daging ayam,3,26000,78000
order gyoza lima porsi pcs harga harganya 13000,gyoza,5,13000,65000
sih beli sepuluh roti canai meses 8500,roti canai meses,10,8500,85000
Order spesial telor ayam 2 pcs harga 4 ribu,spesial telor ayam,2,4000,8000
"sih mau empat sosis solo, rp27500 kan?",sosis solo,4,27500,110000
nih kak minta 3 porsi tepung jalejo ya harga 45500 rb,tepung jalejo,3,45500,136500
Nih tolong pesanin tiga sanger coklat hot dong harga 13k,sanger coklat hot,3,13000,39000
Mau pesen 10 rosela dong,rosela,10,10500,105000
Mau pesen 5 porsi bothok tongkol dong,bothok tongkol,5,33500,167500
Ygy order hot longblack 10 porsi pcs harga harganya 35000,hot longblack,10,35000,350000
mau pesen 4 porsi ayam tiga rasa dong,ayam tiga rasa,4,4500,18000
kak ada es lemon? mau 5 rp8500,es lemon,5,8500,42500
"Pesen empat haruan bali kak, total 196k",haruan bali,4,49000,196000
belli tiga crispy roast pork rp. 4500,crispy roast pork,3,4500,13500
ORDER NASI KEPITING NONGKI LIMA PCS HRG RP 30000,nasi kepiting nongki,5,30000,150000
beli 4 ayam kota belur cabe ijo 2000,ayam kota belur cabe ijo,4,2000,8000
Ygy 10 set kaya butter french toast aja kak harga rp. 15000,set kaya butter french toast,10,15000,150000
wkwk bisa gak order lima beef curry rice harga harganya 47500,beef curry rice,5,47500,237500
"btw mau seporsi teh tawar hot, harga 25k kan?",teh tawar hot,1,25000,25000
loh kak minta sepuluh dawet durian ori ya harga rp. 33500,dawet durian ori,10,33500,335000
nitip sadas paha bawah ya 1 aja hrga 49000,sadas paha bawah,1,49000,49000
SEPULUH IKAN SIDAT SEGAR BERAPA KAK?,ikan sidat segar,10,39500,395000
Sih mau dongg 1 biji ikan baung bakar harga rp16500,ikan baung bakar,1,16500,16500
tolong pesanin 4 blue latte donk harganya 15500,blue latte,4,15500,62000
order combo cheese crackling amo 1 aja pcs harga 38000,combo cheese crackling amo,1,38000,38000
PESAN MIX N MAX TAKOYAKI KANSAI SEBANYAK 2 PORXI HARGA RP. 40500,mix n max takoyaki kansai,2,40500,81000
"MAU EMPAT SEI AYAM SMALL, 2 RIBU KAN?",sei ayam small,4,2500,10000
Halo kak mau beli 5 daun ubi kuning segar harganya 28500,daun ubi kuning segar,5,28500,142500
mau pesen empat chicken karage with egg dong,chicken karage with egg,4,17000,68000
HALO KAK MAU BELI TIGA NASI BUNGKUS  KERANG HARGANYA RP43000,nasi bungkus  kerang,3,43000,129000
"Fyi bakpao obakdaging kecap empat ya kak, harga 10 ribu",bakpao obakdaging kecap,4,10500,42000
KAK ADA MIE SPICY CHICKEN KOREA SOUP? MAU 5 20 RIBU,mie spicy chicken korea soup,5,20500,102500
"cake kurma 5 porcy ya kak, harga 49000",cake kurma,5,49000,245000
nih 2 biji nasi goreng special nongki berapa kak?,nasi goreng special nongki,2,47000,94000
kak sepuluh chocolatte panas rp 49000 ya,chocolatte panas,10,49000,490000
Order 3 pudding kelengkeng total 18k,pudding kelengkeng,3,6000,18000
ORDER 4 PORSI COFFEE LATTE JUMBO TOTAL 144000 RB,coffee latte jumbo,4,36000,144000
hehe nitip brown sugar large ya dua porsi aja harga rp7500,brown sugar large,2,7500,15000
BISA GAK ORDER 4 DAUN OYONG SEGAR HARGA HARGA 15K,daun oyong segar,4,15000,60000
Tiga porsi sei sapi saus telur asin berapa kak?,sei sapi saus telur asin,3,30000,90000
Pesan milk shake mango small sebanyak 4 porsi harga 23k,milk shake mango small,4,23500,94000
Ygy bisa gak order 2 porcy lychee tea medium harga harganya 16500,lychee tea medium,2,16500,33000
Order elbidaya regal affogato 10 porcy pcs hrga rp. 20000,elbidaya regal affogato,10,20000,200000
"nasi kari limasari nasi sereh dua ya kak, harga 37500",nasi kari limasari nasi sereh,2,37500,75000
order 1 long black large total rp. 27500,long black large,1,27500,27500
BISA GAK ORDER 5 PORSI TOPPING MAKARONI SPIRAL HARGA 43000 RB,topping makaroni spiral,5,43000,215000
Btw kak minta sepuluh wortel segar ya hrg rp23500,wortel segar,10,23500,235000
Kak ada ice lime tea? mau empat 7k,ice lime tea,4,7500,30000
ORDER TIGA ICE PREMIUM SOGEM TOTAL HARGA 9K,ice premium sogem,3,3000,9000
"Oyek dari singkong dua porsi ya kak, harga harga 22k",oyek dari singkong,2,22000,44000
Beli ayam geprek menuju kaya dulu 3 porsi 24000 rb,ayam geprek menuju kaya,3,24000,72000
Hehe order roti coklat bulat tiga pcs harga 48 ribu,roti coklat bulat,3,48500,145500
Mau pesen 3 tea tarik cincau iced dong,tea tarik cincau iced,3,39500,118500
NITIP UDANG SAMBAL BAWANG GORENG YA 4 PORSI AJA HARGA RP. 38000,udang sambal bawang goreng,4,38000,152000
"MAU 5 PORCY LONGEVITY RING M, HRGA 33K KAN?",longevity ring m,5,33500,167500
nitip seblak telor tulang ya 1 aja aja harga 44500 rb,seblak telor tulang,1,44500,44500
PESAN COCO FLESH SEBANYAK TIGA PORSI HARGA 6K,coco flesh,3,6000,18000
order nasi pecelurap empal 5 pcs harga rp. 18500,nasi pecelurap empal,5,18500,92500
Kak minta 1 biji es buah segar ya harga 25 ribu,es buah segar,1,25000,25000
KAK SEPORSI FANTA ORANGE RP. 50000 YA,fanta orange,1,50000,50000
Order locupan tektek 3 porsi pcs hrg harga 8k,locupan tektek,3,8000,24000
Satu es boba durian berapa kak?,es boba durian,1,11500,11500
"PESEN 5 TEFLON DON KAK, TOTAL RP142500",teflon don,5,28500,142500
ORDER 3 PORSI SIOMAY MINI KERING TOTAL RP. 138000,siomay mini kering,3,46000,138000
order minipau chiken 2 porsi pcs harga rp3500,minipau chiken,2,3500,7000
halo kak mau beli 4 porxi cafe latte regular hrganya rp9000,cafe latte regular,4,9000,36000
"PESEN 3 CLEO KAK, TOTAL 18000",cleo,3,6000,18000
BELI LIMA HELLO GORGEOUS 13K,hello gorgeous,5,13500,67500
PEESN MONEY BAG SEBANYAK TIGA HARGA RP 34000,money bag,3,34000,102000
2 BIJI KORNET CRISPY AJA KAK HARGA RP2000,kornet crispy,2,2000,4000
tolong pesanin 4 porsi fish stick dong rp. 8500,fish stick,4,8500,34000
Bisa gak order seporcy sausage roll harga harganya 10500,sausage roll,1,10500,10500
BELI SAMBAL KERANG DULU 5 PORSI HARGANYA 45500,sambal kerang,5,45500,227500
"PESEN SEPULUH SERABI DURIAN KAK, TOTAL HARGANYA 130000",serabi durian,10,13000,130000
BELI DUA PORSI COCACOLA LARGE RP27500,cocacola large,2,27500,55000
Pesan coffee latte original sebanyak dua porsi harga harganya 48000,coffee latte original,2,48000,96000
"pesen 4 porsi pentol kak, total harganya 78000",pentol,4,19500,78000
nitip chicken pesto parm mini ya 10 aja harga harganya 6000,chicken pesto parm mini,10,6000,60000
Order 1 aja chicken burger original total hrgnya 50000,chicken burger original,1,50000,50000
Ygy tolong pesanin 3 tiwul dong 4 ribu,tiwul,3,4000,12000
SIH BISA GAK ORDER 10 LOTUS BISCOFF DESSERT BOX HARGA 33 RIBU,lotus biscoff dessert box,10,33000,330000
Lima porsi thanks a latte taro aja kak harga harga 32k,thanks a latte taro,5,32000,160000
order nasi 3 porsi pcs harga 5500,nasi,3,5500,16500
Hehe mau dongg 4 mini almond choclate harga 29k,mini almond choclate,4,29000,116000
BELI BROWN SUGAR FRESH MILK DULU 3 RP. 23500,brown sugar fresh milk,3,23500,70500
PSEAN ZODA TAWAR SEBANYAK LIMA PORSI HARGA 19000,zoda tawar,5,19000,95000
Hehe 10 porsi chicken ramebox aja kak harga 15k,chicken ramebox,10,15000,150000
LOH DUA PORSI RISOLES SMOKED BERAPA KAK?,risoles smoked,2,42500,85000
Beli 10 porsi cheese kimchi fried rice 8k,cheese kimchi fried rice,10,8000,80000
beli butter soy sauce chicken dulu sepuluh 34000 rb,butter soy sauce chicken,10,34000,340000
sih 4 porsi taco loco mini aja kak harga rp. 37000,taco loco mini,4,37000,148000
YGY LIMA PORSI TELUR MASAK SAYUR ASIN BERAPA KAK?,telur masak sayur asin,5,38000,190000
Wkwk mau dongg empat lipat kitkat full toping harga rp22000,lipat kitkat full toping,4,22000,88000
ORDER DUA CHOCOLATTE PANAS TOTAL 7000 RB,chocolatte panas,2,3500,7000
order prestine 10 pcs harga rp. 14500,prestine,10,14500,145000
KAK SEPULUH BERAS KETAN HITAM KUKUS 3000 YA,beras ketan hitam kukus,10,3000,30000
"Pesen 3 pesto whole pizza kak, total rp 81000",pesto whole pizza,3,27000,81000
Kak ada coffe beer gasberg? mau 5 porcy rp33500,coffe beer gasberg,5,33500,167500
Btw order oreo l 10 porsi pcs hrga 17 ribu,oreo l,10,17000,170000
HALO KAK MAU BELI 10 NASI SAYUR ASEM HARGANYA HARGA 22K,nasi sayur asem,10,22000,220000
KAK ADA NASI GORENG IKAN ASIN? MAU 4 PORXI 25500 RB,nasi goreng ikan asin,4,25500,102000
BELI INTIP GORENG DULU TIGA PORSI 21K,intip goreng,3,21500,64500
Sih 3 porsi otak otak ikan goreng berapa kak?,otak otak ikan goreng,3,7500,22500
MAU DONGG 1 BIJI PERGEDEL JAGUNG HARGA HARGANYA 7000,pergedel jagung,1,7000,7000
mau dongg 2 porsi chicken sandwich harga rp34000,chicken sandwich,2,34000,68000
mau pesen 10 porsi blackcurrent mint dong,blackcurrent mint,10,13500,135000
KAK 2 BIJI DUA CROFFLE SPECIAL BUTTER RP. 47500 YA,dua croffle special butter,2,47500,95000
nih tiga crazy rice berapa kak?,crazy rice,3,45500,136500
KAK ADA NASI UDANG SAMBAL IJO BAROKAH? MAU LIMA 3000,nasi udang sambal ijo barokah,5,3000,15000
fyi tolong pesanin 2 porsi sapporo beer donk rp. 46500,sapporo beer,2,46500,93000
"hehe mau empat teh anget, harganya 45000 kan?",teh anget,4,45000,180000
Ygy bisa gak order 4 spaghetti brulee harga rp 29500,spaghetti brulee,4,29500,118000
"MAU 1 BIJI DARK CHOCOLATE, RP 18500 KAN?",dark chocolate,1,18500,18500
TOLONG PESANIN 1 SAMBEL PENCIT DONG RP. 32000,sambel pencit,1,32000,32000
Kak 1 kakap tauco  ekor 37500 ya,kakap tauco  ekor,1,37500,37500
KAK ADA NASI AYAM GORENG ABANG? MAU 5 2000 RB,nasi ayam goreng abang,5,2000,10000
NITIP NASI KUNING WONG SOEROBOYO YA 2 BIJI AJA HARGA RP. 4500,nasi kuning wong soeroboyo,2,4500,9000
ORDER CORNDOG ORIGINAL MIX SOSIS MOZA 1 BIJI PCS HARGA HARGA 47K,corndog original mix sosis moza,1,47000,47000
Kak ada spicy popcorn? mau 3 porsi 29500 rb,spicy popcorn,3,29500,88500
ygy beli risoles ayam dulu 2 porsi harganya 49000,risoles ayam,2,49000,98000
Mau dongg 1 porcy fanta biasa harga rp. 18500,fanta biasa,1,18500,18500
10 chocolate milk berapa kak?,chocolate milk,10,9500,95000
SIH 10 PORSI ES KOPI HITAM BLUSUKAN AJA KAK HARGA RP 19000,es kopi hitam blusukan,10,19000,190000
"MIE GORENG SOSIS 1 BIJI YA KAK, HARGA RP45500",mie goreng sosis,1,45500,45500
PESAN DONAT TOPPING KACANG 1 HRGANYA 31000,donat topping kacang,1,31000,31000
KAK MINTA 10 PORSI MIE BABAT YA HARGA RP. 38000,mie babat,10,38000,380000
ygy nitip toppoki medium  sosis ya lima porcy aja harga 7 rbu,toppoki medium  sosis,5,7500,37500
"Pesen 4 porsi sosiz mozarella kak, total 86k",sosiz mozarella,4,21500,86000
mau dongg empat opera whole harga 38 ribu,opera whole,4,38000,152000
loh 4 porsi minicake blueberry aja kak harga rp. 16000,minicake blueberry,4,16000,64000
Tiga sinaloa aja kak harga 10000 rb,sinaloa,3,10000,30000
"PESEN 5 BICOPI CHOCOLATE CHESSE KAK, TOTAL 172 RIBU",bicopi chocolate chesse,5,34500,172500
YGY ORDER 3 NASI AYAM POP TOTAL RP102000,nasi ayam pop,3,34000,102000
Pesan bicopi cream chesse sebanyak 1 porsi harga 47000 rb,bicopi cream chesse,1,47000,47000
Sih mau dngg dua french fries bumbu harga 7000 rb,french fries bumbu,2,7000,14000
KAK ADA PENTOL SOSIS? MAU 10 PORSI HARGANYA 40500,pentol sosis,10,40500,405000
BTW 3 PAHIT DINGIN BERAPA KAK?,pahit dingin,3,10000,30000
mau dongg satu fresh milk avocado harga rp. 32500,fresh milk avocado,1,32500,32500
Nitip sate barbar ayam ya dua porsi aja harga 29000,sate barbar ayam,2,29000,58000
LOH PESAN B GULUNG KELAPA MINI SEBANYAK 4 PORSI HARGA RP 17500,b gulung kelapa mini,4,17500,70000
Kak minta 10 porsi special crispy ya harga harga 40k,special crispy,10,40000,400000
Pesan sop kool dan wortel sebanyak 2 hrg 35500,sop kool dan wortel,2,35500,71000
Nitip spaghetti sapi lada hitam ya 5 porsi aja harga 30 rib,spaghetti sapi lada hitam,5,30500,152500
MAU DONGG LIMA PORSI MILO BOBA HARGA 10000 RB,milo boba,5,10000,50000
order enter sandwich lima pcs hrga rp20000,enter sandwich,5,20000,100000
kak minta empat poding telur ya harga rp 17000,poding telur,4,17000,68000
MAU DNGG 2 BIJI DUOBLE JUS JAMBU JERUK HRGA RP4000,duoble jus jambu jeruk,2,4000,8000
Satu dng nasi ayam lava pedas aja kak harga 37500 rb,nasi ayam lava pedas,1,37500,37500
FYI KAK MINTA 1 SAMBAL MATAH YA HARGA RP41000,sambal matah,1,41000,41000
halo kak mau beli 2 porsi nasi goreng bakso hrgnya harganya 47000,nasi goreng bakso,2,47000,94000
ygy kak empat hanetsuki tori gyoza rp 2000 ya,hanetsuki tori gyoza,4,2000,8000
Loh sepuluh nasi octopus aja kak harga rp 25000,nasi octopus,10,25000,250000
Order 4 porsi pink milk total 182000,pink milk,4,45500,182000
mau dongg 1 biji buah kom segar hrga 22 ribu,buah kom segar,1,22000,22000
Kak tiga porcy tambah kuah saos padang harga 27k ya,tambah kuah saos padang,3,27500,82500
Kak ada daun jambu mete muda? mau sepuluh rp 30500,daun jambu mete muda,10,30500,305000
KAK MINTA SEPULUH MOCHACINO DINGIN YA HARGA 14500 RB,mochacino dingin,10,14500,145000
beli coklat tiramisu dulu 5 porsi rp15500,coklat tiramisu,5,15500,77500
nih 5 porsi the lemmy aja kak hrga 17000 rb,the lemmy,5,17000,85000
KAK EMPAT COKLAT 38500 YA,coklat,4,38500,154000
"Xavier snow white bird nest 10 porsi ya kak, harga harga 44k",xavier snow white bird nest,10,44500,445000
kak sepuluh cujo rp 35000 ya,cujo,10,35000,350000
Bly 4 nasi goreng ayam  telur 11 ribu,nasi goreng ayam  telur,4,11000,44000
TOLONG PESANIN 10 PORSI NASI JASIO SIOBAK MANIS DONG HARGA 27K,nasi jasio siobak manis,10,27500,275000
Order dua polo cokelat chip total hrgnya 68000,polo cokelat chip,2,34000,68000
"loh hot red velvet empat ya kak, harga rp. 4000",hot red velvet,4,4000,16000
"pesen 5 porsi nasi karage omahan teriyaki kak, total rp. 22500",nasi karage omahan teriyaki,5,4500,22500
YGY KAK MINTA SATU DONG SOFT PUDDING RED VELVET YA HARGA RP. 11000,soft pudding red velvet,1,11000,11000
Kak minta 1 sosis bakar lada hitam ya harga 37k,sosis bakar lada hitam,1,37000,37000
EMPAT MILKSHAKE SPC STRAWBERRY AJA KAK HARGA RP. 48000,milkshake spc strawberry,4,48000,192000
"mau sepuluh daun ubi kuning segar, 7 ribu kan?",daun ubi kuning segar,10,7500,75000
MAU PESEN SEPULUH ROTI CUPLIS VANILLA DONG,roti cuplis vanilla,10,43000,430000
10 virgin beach berapa kak?,virgin beach,10,43000,430000
btw mau pesen lima blend ice thai tea dong,blend ice thai tea,5,50000,250000
Kak ada hepia bakwan udang? mau 2 biji rp30000,hepia bakwan udang,2,30000,60000
mau pesen 1 biji soto campur telur muda dong,soto campur telur muda,1,29500,29500
NITIP CIKUWA BAKAR YA SEPORCY AJA HARGA 12500 RB,cikuwa bakar,1,12500,12500
bisa gak order 5 porsi bolu gulung blueberry r harga 13500,bolu gulung blueberry r,5,13500,67500
halo kak mau beli 1 nasi soto ayam harganya rp 14500,nasi soto ayam,1,14500,14500
fyi mau pesen 4 porsi mayolover dng,mayolover,4,28000,112000
beli 10 udang goreng 21 ribu,udang goreng,10,21000,210000
Order dua three musketeers total harga 72k,three musketeers,2,36000,72000
hehe tolong pesanin 1 es kelapa jeruk dong 32500 rb,es kelapa jeruk,1,32500,32500
"PESEN 5 TEMPE SAYUR KAK, TOTAL 105 RIBU",tempe sayur,5,21000,105000
pesan regal chocolate 2 biji 34k,regal chocolate,2,34000,68000
sih order mexico coklat keju tiga pcs harga 31k,mexico coklat keju,3,31000,93000
BTW TOLONG PESANIN 10 AVOCOA DONG HARGA 28K,avocoa,10,28000,280000
Tolong peesnin 10 roti kismis kelapa keju donk 24 ribu,roti kismis kelapa keju,10,24500,245000
BELI 10 ICE NESCAFE MOCHA 19K,ice nescafe mocha,10,19500,195000
Halo kak mau beli dua porsi ice milo blend harganya 25000,ice milo blend,2,25000,50000
fyi pesan chocolate brownies bomboloni sebanyak tiga porxi harga harga 12k,chocolate brownies bomboloni,3,12500,37500
Kak ada ifu mie ulang tahun m? mau 5 porsi 14000,ifu mie ulang tahun m,5,14000,70000
Mau dongg 10 porsi rambak harga 43500,rambak,10,43500,435000
Wkwk beli best of chicken burger dulu 10 5000 rb,best of chicken burger,10,5000,50000
"Mau 10 bakso ayam frozen, 46 rib kan?",bakso ayam frozen,10,46000,460000
PSEAN CHICKEN CHOP WITH MUSHROOM SC 1 PORCY 29500,chicken chop with mushroom sc,1,29500,29500
order 2 tambah coklat total rp80000,tambah coklat,2,40000,80000
Kak minta 1 porsi bolu lapis nenas kecil qz ya harga rp22000,bolu lapis nenas kecil qz,1,22000,22000
Bisa gak order 1 aja brown sugar latte regular harga harga 5k,brown sugar latte regular,1,5500,5500
tolong pesanin 2 biji pisang goreng  nutela dong 44000,pisang goreng  nutela,2,44000,88000
"WKWK PESEN 4 PORXI BAKSO EKSTRA JUMBO MEKAR ORIGINAL KAK, TOTAL RP92000",bakso ekstra jumbo mekar original,4,23000,92000
Hehe halo kak mau beli 10 porsi coklat tiramisu harganya 18k,coklat tiramisu,10,18000,180000
order susu susanti cokelat sepuluh pcs harga harga 21k,susu susanti cokelat,10,21500,215000
beli ati rempelo bakar dulu lima rp 5500,ati rempelo bakar,5,5500,27500
Halo kak mau beli 10 gurandil harganya 6k,gurandil,10,6000,60000
"pesen 3 porsi yaki soba chicken kak, total rp. 85500",yaki soba chicken,3,28500,85500
SIH KAK ADA ICE KACANG? MAU 1 AJA RP 16000,ice kacang,1,16000,16000
Btw mau pesen sepuluh mie nyemek dong,mie nyemek,10,15000,150000
Mau pesen tiga porcy cupcakes flower set donk,cupcakes flower set,3,14000,42000
Ygy pesan udang crispy dua 14500,udang crispy,2,14500,29000
"CHOCOLATE BROWNIES SMORES TIGA YA KAK, HARGA HARGANYA 21500",chocolate brownies smores,3,21500,64500
LOH 10 RICE BEEF BLACK PEPPER BERAPA KAK?,rice beef black pepper,10,9500,95000
kak ada matchalover? mau lima porsi rp 42500,matchalover,5,42500,212500
tiga daun singkong ampenan segar aja kak harga 5000 rb,daun singkong ampenan segar,3,5000,15000
4 porsi cake pisang coklat aja kak harga rp41000,cake pisang coklat,4,41000,164000
Loh halo kak mau beli 4 takoyaki mozarella harganya 22k,takoyaki mozarella,4,22500,90000
Tolong pseanin dua beef black pepper rice bowl dong harganya 14500,beef black pepper rice bowl,2,14500,29000
order satu tst hijau total 50000 rb,tst hijau,1,50000,50000
order 4 porsi belut cabe kering total 166 ribu,belut cabe kering,4,41500,166000
FYI BELI SATU NYOKLAT TOPING KEJU RP 30000,nyoklat toping keju,1,30000,30000
belli ifu mie goreng dulu 1 6k,ifu mie goreng,1,6500,6500
NIH MAU PESEN 2 BIJI KJ SAOS PADANG DONG,kj saos padang,2,10500,21000
Wkwk 4 porsi pempek belida aja kak harga 50000,pempek belida,4,50000,200000
BELI LIMA PORSI TAHU BAKSO KUKUS HRGNYA 48000,tahu bakso kukus,5,48000,240000
Mau pesen tiga banana latte hot cold dong,banana latte hot cold,3,38500,115500
bisa gak order empat iced irish latte harga 45 rbu,iced irish latte,4,45500,182000
BELI LIMA PORSI MIE KOREAN SPICY CHICKEN RP 26000,mie korean spicy chicken,5,26000,130000
kak minta satu lumpia salad ya harga harga 8k,lumpia salad,1,8500,8500
bisa gak order 1 porsi gurame goreng terbang harga rp 20000,gurame goreng terbang,1,20000,20000
Beli mie dower goreng  telor dulu empat rp12000,mie dower goreng  telor,4,12000,48000
Nitip hoffen milk ya dua aja harga 21 ribu,hoffen milk,2,21500,43000
beli tiga samyang carbonara rp. 2000,samyang carbonara,3,2000,6000
BELI LIMA PORSI MIE GORENGKUAH TELUR AYAM HARGANYA 31000,mie gorengkuah telur ayam,5,31000,155000
nitip lemon poppy seed muffin ya 4 porsi aja harga 13 ribu,lemon poppy seed muffin,4,13000,52000
pesan chick ocheese in out 4 porsi rp 4500,chick ocheese in out,4,4500,18000
BELI EMPAT ICE COFFEE BROWN SUGAR RP37000,ice coffee brown sugar,4,37000,148000
Sih kak minta 4 pisang bandung ya harga rp 18000,pisang bandung,4,18000,72000
"Sih pesen dua porsi pangsit mie kuah kak, total 8000 rb",pangsit mie kuah,2,4000,8000
Btw order brownies strawberry seporsi pcs harga rp 44000,brownies strawberry,1,44000,44000
nih beli 3 es teh melati 36 rib,es teh melati,3,36000,108000
10 porsi bbq beans aja kak harga harganya 15500,bbq beans,10,15500,155000
tolong pesanin 4 mangga golek dong 40000,mangga golek,4,40000,160000
FYI 1 PORSI CHEESE CHICKEN BURGER BERAPA KAK?,cheese chicken burger,1,3500,3500
"Pesen 10 es kopi buco  cokban kak, total harga 45k",es kopi buco  cokban,10,4500,45000
Loh lima porcy hokkien mie bihun kwetiau berapa kak?,hokkien mie bihun kwetiau,5,29000,145000
pesan ayam geprek cumipotong 4 rp 31000,ayam geprek cumipotong,4,31000,124000
beli ice frappucino dulu empat harganya 40000,ice frappucino,4,40000,160000
Kak 5 porsi cheezy fries 42 ribu ya,cheezy fries,5,42000,210000
seporxi milk candy bob aja kak harga harganya 39000,milk candy bob,1,39000,39000
"mau 5 back to basic with egg, rp 21500 kan?",back to basic with egg,5,21500,107500
empat nasi sate usus ayam berapa kak?,nasi sate usus ayam,4,14500,58000
Kak minta sepuluh roti goreng ranjau ya harga 10500 rb,roti goreng ranjau,10,10500,105000
"BTW MAU SATU KWETIAU GORENG, 48K KAN?",kwetiau goreng,1,48500,48500
sih 10 porsi juice merayu aja kak harga rp 48000,juice merayu,10,48000,480000
BELI 1 AJA FUYUNGHAY AYAM RP 11000,fuyunghay ayam,1,11000,11000
Ygy nitip imut ya 5 aja harga harganya 29000,imut,5,29000,145000
Halo kak mau bly tiga porcy lotus biscoff toast harganya rp 42500,lotus biscoff toast,3,42500,127500
ygy beli dua porsi rhum regal milk 3 ribu,rhum regal milk,2,3000,6000
kak ada sate ceker? mau tiga porsi 20 ribu,sate ceker,3,20000,60000
Tolong pesanin 1 fries cheesy dong 34k,fries cheesy,1,34000,34000
TOLONG PESANIN 3 SOSIS GORENG DONK 28000,sosis goreng,3,28000,84000
Tolong pesanin lima porsi mozarella dng 42k,mozarella,5,42500,212500
kak ada bakso tumpeng lava? mau 10 porsi rp. 43000,bakso tumpeng lava,10,43000,430000
loh pesan emping pedas sebanyak 1 hrga 7 ribu,emping pedas,1,7500,7500
beli lima porsi lontong ikan 39500 rb,lontong ikan,5,39500,197500
FYI NITIP HOT CHOCO HAZELNUT YA SEPULUH AJA HARGA 46500 RB,hot choco hazelnut,10,46500,465000
Ygy nitip pop es taro cincau ya lima porsi aja hrga 43500 rb,pop es taro cincau,5,43500,217500
Loh kak minta 4 porsi chocoball meses ya harga rp. 15500,chocoball meses,4,15500,62000
Tolong pesenin 10 choco peanut dong 7000 rb,choco peanut,10,7000,70000
"Btw pesen 1 chicken spaghetti kak, total 19000",chicken spaghetti,1,19000,19000
KAK TIGA PORSI TAMIE CAP JAY 32K YA,tamie cap jay,3,32000,96000
LOH KAK TIGA PORSI INTEL 26000 YA,intel,3,26000,78000
"Mau seporsi croissant smoked beef, harga 9k kan?",croissant smoked beef,1,9500,9500
"PISANG RAJA SERE SUSU 10 YA KAK, HARGA 2K",pisang raja sere susu,10,2000,20000
"ROTI KACANG MERAH SPECIAL 2 BIJI YA KAK, HARGA 33 RIBU",roti kacang merah special,2,33000,66000
SEPULUH CHICKEN SAUSAGE AJA KAK HARGA RP 20500,chicken sausage,10,20500,205000
Order dua porsi bantal emas medan total harga 15k,bantal emas medan,2,7500,15000
MAU DONKG DUA JAMUR KREZZ HARGA RP50000,jamur krezz,2,50000,100000
Order ice long black sepuluh pcs harga harganya 44500,ice long black,10,44500,445000
Tolong pesanin 2 biji mie spaghetti refftwo dong rp40000,mie spaghetti refftwo,2,40000,80000
Bisa gak order 4 wagyu saikoro hrga 16000 rb,wagyu saikoro,4,16000,64000
Kak 10 fresh milk 38k ya,fresh milk,10,38500,385000
TOLONG PESANIN 3 AJIA KOHI DONG HARGA 39K,ajia kohi,3,39500,118500
Wkwk tolong pseanin 10 porsi tambah kuah dong rp 39500,tambah kuah,10,39500,395000
Kak ada salmon volcano? mau 2 biji rp. 20000,salmon volcano,2,20000,40000
Bisa gak order tiga porsi coffee oreo blend harga rp 42000,coffee oreo blend,3,42000,126000
HALO KAK MAU BELI 10 HOT ESPRESSO HARGANYA 46500,hot espresso,10,46500,465000
halo kak mau beli seporsi ebi harganya 27k,ebi,1,27000,27000
KAK 10 PORSI GENDON CHIKEN KRISPY CHESEE RP27000 YA,gendon chiken krispy chesee,10,27000,270000
Btw halo kak mau beli 4 porsi lucky sunday chocolate hrganya rp. 12000,lucky sunday chocolate,4,12000,48000
Nih kak minta 10 chicken thai with rice ya harga 26 rbu,chicken thai with rice,10,26000,260000
"Pesen 10 porcy daun singkong ampenan segar kak, total 275000",daun singkong ampenan segar,10,27500,275000
fyi tolong pesanin 10 porsi es nutri sarisweet orange dong rp26000,es nutri sarisweet orange,10,26000,260000
"pesen 2 super magic kak, total 79000 rb",super magic,2,39500,79000
"PESEN 10 PORSI SNACK MAPAN KECIL KAK, TOTAL RP. 295000",snack mapan kecil,10,29500,295000
beli thai milk tea c dulu dua porsi 46500,thai milk tea c,2,46500,93000
SIH NITIP THAI TEA SEDANG YA 10 PORSI AJA HARGA RP 9500,thai tea sedang,10,9500,95000
beli satu coffee matcha rp 38500,coffee matcha,1,38500,38500
Mau dngg 5 porsi cokelat wijen susu harga harga 25k,cokelat wijen susu,5,25000,125000
Kak 10 porsi lapis legit special mixfruit kecil rp. 30000 ya,lapis legit special mixfruit kecil,10,30000,300000
"ygy mau lima thai tea coffee, rp46000 kan?",thai tea coffee,5,46000,230000
Peesn ice berry coffee 2 biji rp 37000,ice berry coffee,2,37000,74000
wkwk beli 4 porsi kebab chicken 12 ribu,kebab chicken,4,12000,48000
pesan kerokot segar sebanyak 10 porsi harga rp 43000,kerokot segar,10,43000,430000
Pesen rica rica kuda sumbawa 4 rp 40500,rica rica kuda sumbawa,4,40500,162000
btw order mie hun komplit 10 pcs harga 25k,mie hun komplit,10,25000,250000
bisa gak order 4 ice red velvet harga rp. 9500,ice red velvet,4,9500,38000
Loh kak ada mozpit? mau 10 porcy hrga 20k,mozpit,10,20000,200000
order combo duo spicy 3 pcs hrg harga 45k,combo duo spicy,3,45500,136500
nitip nasi kotak  rendang daging ya 10 aja harga 45 ribu,nasi kotak  rendang daging,10,45000,450000
mau dongg lima ramerame mandhi kambing harga rp21500,ramerame mandhi kambing,5,21500,107500
BISA GAK ORDER SATU ISTIMEWA AYAM HARGA 38500,istimewa ayam,1,38500,38500
Halo kak mau beli 10 porsi puding tiramisu harganya rp. 48500,puding tiramisu,10,48500,485000
"FROZEN TAHU BALIK 10 YA KAK, HRG 47 RIBU",frozen tahu balik,10,47500,475000
10 porcy teh panas aja kak harga harganya 4500,teh panas,10,4500,45000
"PESEN EMPAT BLACK MAMBA NON COFFEE KAK, TOTAL 104K",black mamba non coffee,4,26000,104000
PEESN THAILAND DRINK 1 BIJI HARGANYA 21000,thailand drink,1,21000,21000
"tahu  tempe  terong 1 porsi ya kak, harga harganya 41500",tahu  tempe  terong,1,41500,41500
FYI HALO KAK MAU BELI EMPAT FLUFFY PANDA HARGANYA RP2500,fluffy panda,4,2500,10000
"hehe arena coffee 2 porsi ya kak, harga harganya 16000",arena coffee,2,16000,32000
Ygy mau dngg sepuluh roti bakar bandung ori hrg rp. 12000,roti bakar bandung ori,10,12000,120000
PSEAN MIE KUNING KUAH SATU RP 44500,mie kuning kuah,1,44500,44500
"pesen tiga porsi combo duo cheese kak, total rp. 102000",combo duo cheese,3,34000,102000
Kak 5 mixed dim sum rp 45500 ya,mixed dim sum,5,45500,227500
YGY BELI EMPAT ATI AMPELA GORENG 20500 RB,ati ampela goreng,4,20500,82000
mau dongg 2 porsi frenc fries bbq cheese hrg 9000 rb,frenc fries bbq cheese,2,9000,18000
Pesan daun sintrong 2 10 ribu,daun sintrong,2,10000,20000
"Mau 1 porsi cheese bites, harga 28k kan?",cheese bites,1,28000,28000
nih mau dngg 1 biji lumpia frozen mentah hrga 25000 rb,lumpia frozen mentah,1,25000,25000
BTW HALO KAK MAU BELI 3 SEBLAK SOSIS BASO HARGANYA RP. 29500,seblak sosis baso,3,29500,88500
kak ada corndog choco crunch? mau 3 porsi 49k,corndog choco crunch,3,49000,147000
pesan oh matcha sebanyak 1 harga rp10000,oh matcha,1,10000,10000
ygy halo kak mau beli 1 roti kukus ebi set hrgnya 36k,roti kukus ebi set,1,36500,36500
order sepuluh tst coklat total 375k,tst coklat,10,37500,375000
BTW MAU PESEN 1 PORCY RISOLSMAYO FROZEN DONG,risolsmayo frozen,1,28500,28500
Loh beli bolu lapis panjang lotus crumble dulu 10 49 ribu,bolu lapis panjang lotus crumble,10,49000,490000
Sih mau pesen 4 porsi oreo sundae dong,oreo sundae,4,19000,76000
YGY BELLI TEA JUS DULU 3 PORSI 16000 RB,tea jus,3,16000,48000
Beli kopi marie booster dulu 2 porsi rp 5000,kopi marie booster,2,5000,10000
Kak ada cane kuah kari? mau 10 porsi rp. 18500,cane kuah kari,10,18500,185000
PESAN AYAM BAKAR RICA GARLIC TOAST TIGA 48500 RB,ayam bakar rica garlic toast,3,48500,145500
hehe kak ada choco chesee non boba? mau 10 porsi 46 ribu,choco chesee non boba,10,46000,460000
order palmir dua porsi pcs harga 16 rbu,palmir,2,16500,33000
BISA GAK ORDER 10 SOSIS SAPI KEJU SEDANG HRGA 43000 RB,sosis sapi keju sedang,10,43000,430000
ORDER SATU FRENCH ZONE TOTAL RP 6500,french zone,1,6500,6500
tolong pesanin 10 porsi chicken rogout dong 10500,chicken rogout,10,10500,105000
"PESEN 1 BIJI JUICE MERAYU KAK, TOTAL 11000",juice merayu,1,11000,11000
Btw bisa gak order dua capjay seafood harga harganya 32500,capjay seafood,2,32500,65000
"loh pesen 10 porsi kerang hijau lada hitam kak, total 95000",kerang hijau lada hitam,10,9500,95000
"ICED CAPPUCINO SATU YA KAK, HARGA 29 RIBU",iced cappucino,1,29000,29000
bisa gak order 4 chocolate lucky sundae harga rp 9000,chocolate lucky sundae,4,9000,36000
Hehe seporcy capcay telur extra pedas aja kak harga rp. 11500,capcay telur extra pedas,1,11500,11500
BTW PESAN KUNYIT ASAM 3 HARGANYA 19000,kunyit asam,3,19000,57000
Order 10 daun singkong lodeh total 220 ribu,daun singkong lodeh,10,22000,220000
Beli seporcy brownies kukus besar 29000 rb,brownies kukus besar,1,29000,29000
"Mau sepuluh skb super klenger burger, 40k kan?",skb super klenger burger,10,40500,405000
TOLONG PEESNIN LIMA PORSI THAI TEA MILO DONG HARGA 36K,thai tea milo,5,36000,180000
fyi beli ikan selar segar dulu 3 15000,ikan selar segar,3,15000,45000
wkwk beli mr crush dulu tiga harganya 20500,mr crush,3,20500,61500
mau pesen 1 aja croffel matcha dong,croffel matcha,1,47000,47000
loh mau pesen 10 porsi choco caramel panas dng,choco caramel panas,10,6500,65000
halo kak mau beli 4 porsi extra tabbouleh harganya harga 10k,extra tabbouleh,4,10500,42000
NITIP DOUBLE CHOCO LOAF YA 1 AJA AJA HARGA RP. 4000,double choco loaf,1,4000,4000
"Fyi mau sepuluh udang bakar, harga 38k kan?",udang bakar,10,38500,385000
tolong peesnin 10 coklat keju dong 27500,coklat keju,10,27500,275000
fyi nitip seafood large ya empat aja harga 43 ribu,seafood large,4,43500,174000
hehe nitip nasi goreng dprapatan ya 5 porxi aja harga rp 3500,nasi goreng dprapatan,5,3500,17500
pesan hamtaro cheese sebanyak 10 harga 17000 rb,hamtaro cheese,10,17000,170000
Tolong pesanin 1 biji martabak spesial ayam keju dong 2k,martabak spesial ayam keju,1,2500,2500
10 PORCY CORN DOG MIX AJA KAK HRGA 8K,corn dog mix,10,8000,80000
Beli tiga beef cheese roll hrganya 11500,beef cheese roll,3,11500,34500
BISA GAK ORDER 5 PORSI EMPAL TEMPE PENYET HARGA RP. 30500,empal tempe penyet,5,30500,152500
pesan oolong tea sebanyak dua harga rp41000,oolong tea,2,41000,82000
hehe kak 5 mango  watermelon m rp33500 ya,mango  watermelon m,5,33500,167500
NITIP KOPI TUBRUK YA 5 PORSI AJA HARGA RP24500,kopi tubruk,5,24500,122500
"ROTI CHOCO PURPLE 10 YA KAK, HARGA HARGANYA 9500",roti choco purple,10,9500,95000
beli empat cookies cream 34k,cookies cream,4,34500,138000
Ygy mau pesen 5 beras setengah giling dng,beras setengah giling,5,49000,245000
ORDER DUA PORSI BUNGKIL BIJI KARET TOTAL 63K,bungkil biji karet,2,31500,63000
Mau donkg satu choco pandan pudding harga rp48500,choco pandan pudding,1,48500,48500
wkwk order sexyroni 1 biji pcs harga 31000,sexyroni,1,31000,31000
halo kak mau belli lima porsi bangket mutiara harganya 5k,bangket mutiara,5,5500,27500
BELI SATU ES SUSU VANILA 6000 RB,es susu vanila,1,6000,6000
Mau donkg 2 porsi tbone nz harga 13500,tbone nz,2,13500,27000
Pesan tepung singkong tapioka sebanyak 10 hrg 46 ribu,tepung singkong tapioka,10,46500,465000
order mie ayam bakso hw 10 porsi pcs harga 49k,mie ayam bakso hw,10,49500,495000
Ygy pesen perkedel jagung sebanyak 3 harga rp. 30500,perkedel jagung,3,30500,91500
"ICE CAFE VANILLA LATTE TIGA YA KAK, HARGA 14000",ice cafe vanilla latte,3,14000,42000
"Spicy nama sake roll sepuluh ya kak, harga 28 ribu",spicy nama sake roll,10,28000,280000
Loh kak ada es susu pandan m? mau empat rp. 25500,es susu pandan m,4,25500,102000
"Btw pesen sepuluh ropang pisang keju susu kak, total rp465000",ropang pisang keju susu,10,46500,465000
ORDER 1 PORSI PISANG GORENG COKLAT KEJU TOTAL RP49500,pisang goreng coklat keju,1,49500,49500
"Pesen dua potato cumi panggang koreancumi panggang kak, total 62 rib",potato cumi panggang koreancumi panggang,2,31000,62000
"sate kambing 4 porsi ya kak, harga 47 ribu",sate kambing,4,47000,188000
Mau pesen 10 pizza roll donk,pizza roll,10,2000,20000
beli matcha milk ice dulu tiga 38 ribu,matcha milk ice,3,38500,115500
kak dua porsi red burger spicy rp. 48500 ya,red burger spicy,2,48500,97000
Btw bly cold drink milo dulu 5 42 rbu,cold drink milo,5,42000,210000
PESAN DONAT KENTANG MEDIUM SEBANYAK SEPORCY HARGA HARGA 47K,donat kentang medium,1,47000,47000
"MAU DUA FRAISE ANANAS, RP 21000 KAN?",fraise ananas,2,21000,42000
mau pesen 3 nastar medium dong,nastar medium,3,19500,58500
SIH PESAN SANAS 5 RP. 8500,sanas,5,8500,42500
beli 4 honey milk tea m 33000,honey milk tea m,4,33000,132000
Nitip pork belly buns ya empat aja harga harganya 42500,pork belly buns,4,42500,170000
fyi mau pesen 1 biji banoffee tart dong,banoffee tart,1,24000,24000
5 banana choco cheese berapa kak?,banana choco cheese,5,35000,175000
ORDER ICE COCONUT COFFEE 1 BIJI PCS HARGA RP 10500,ice coconut coffee,1,10500,10500
WKWK HALO KAK MAU BELI 10 PORSI MOZARELA STICK HARGANYA 43500 RB,mozarela stick,10,43500,435000
4 korean fried pork bowl berapa kak?,korean fried pork bowl,4,39000,156000
Kak ada roti lady finger beef? mau 4 porcy 49500 rb,roti lady finger beef,4,49500,198000
10 nasi putih aja kak harga rp. 30500,nasi putih,10,30500,305000
wkwk kak tiga porsi tehasoygeboy banana rp3500 ya,tehasoygeboy banana,3,3500,10500
KAK TIGA NASI MANDHI RP22000 YA,nasi mandhi,3,22000,66000
beli 4 porsi hotdog single rp 22500,hotdog single,4,22500,90000
MAU DONKG 10 PORSI KOPI PANDAN HARGA RP44500,kopi pandan,10,44500,445000
BTW PESAN PRAMBANAN SEBANYAK 1 HARGA RP. 30500,prambanan,1,30500,30500
LOH KAK MINTA DUA PORCY KUAH BABAT YA HARGA HARGA 4K,kuah babat,2,4000,8000
HEHE KAK 3 PORSI KLEPON COCONUT CRUNCH RP27500 YA,klepon coconut crunch,3,27500,82500
MAU PESEN 4 PORSI SALE PISANG SIAM DONK,sale pisang siam,4,9500,38000
mau pesen 2 iced orange juice ukuran m dong,iced orange juice ukuran m,2,14000,28000
KAK 1 BERRY LOVE POTION RP21000 YA,berry love potion,1,21000,21000
Loh order nila saus tiramlalapan segarsambal tiga pcs harga harganya 10500,nila saus tiramlalapan segarsambal,3,10500,31500
HEHE PESAN COFFEE JELLY LIMA HARGANYA 38500,coffee jelly,5,38500,192500
BTW BELI TIGA CALZONE SMOKED BEEF SPICY RP 44000,calzone smoked beef spicy,3,44000,132000
4 SCONES BERAPA KAK?,scones,4,33000,132000
3 porcy sweet choco cake aja kak hrga harganya 47000,sweet choco cake,3,47000,141000
SIH MAU DONGG DUA PORSI SUSUPAN HARGA RP14000,susupan,2,14000,28000
Mau pesen 2 choco wording dong,choco wording,2,31000,62000
Order classic mojito 5 pcs harga 24 ribu,classic mojito,5,24500,122500
loh 1 nasi kebuli ayam dada berapa kak?,nasi kebuli ayam dada,1,43500,43500
Kak minta lima porsi kopi avocado x lokalate ya harga 35 ribu,kopi avocado x lokalate,5,35000,175000
Kak ada indomie rebus telur? mau seporsi 8000 rb,indomie rebus telur,1,8000,8000
HEHE NITIP ICE KOPI SUSU KELUARGA YA 10 PORSI AJA HARGA HARGANYA 19000,ice kopi susu keluarga,10,19000,190000
"Ygy mau 2 biji cheesy fries, hrgnya 46500 kan?",cheesy fries,2,46500,93000
kak 2 salmon miso yaki harganya 44500 ya,salmon miso yaki,2,44500,89000
"Btw mau 5 porsi aw, 32000 kan?",aw,5,32000,160000
"Nih pesen 2 biji kwitiaw goreng kak, total rp. 68000",kwitiaw goreng,2,34000,68000
"My cheese from the star 5 porsi ya kak, harga harganya 44000",my cheese from the star,5,44000,220000
